Area,Direction,Normal_Z,Result,Azimuth,Elevation
1,90,0.99,UpDirection,-92.09,81.91
2,90,0.8997,UpDirection,43.58,64.12
3,270,-0.0529,DownDirection,19.14,-3.03
4,90,0.8751,UpDirection,28.07,61.05
5,90,0.1101,UpDirection,-23.1,6.32
6,270,0.143,UpDirection,-27.89,8.22
7,90,0.7395,UpDirection,72.8,47.69
8,270,-0.12,DownDirection,18.53,-6.89
9,90,0.9312,UpDirection,-8.76,68.62
10,90,0.893,UpDirection,-31.22,63.25
11,90,0.937,UpDirection,148.49,69.56
12,90,-0.0706,DownDirection,29.77,-4.05
13,90,-0.5384,DownDirection,-91.55,-32.57
14,90,0.8508,UpDirection,114.92,58.3
15,90,-0.0658,DownDirection,1.38,-3.77
16,270,0.3044,UpDirection,31.39,17.72
17,90,0.8114,UpDirection,68.24,54.23
18,90,0.7281,UpDirection,21.05,46.73
19,90,0.3499,UpDirection,-24.18,20.48
20,90,-0.2508,DownDirection,-25.04,-14.52
21,90,0.8933,UpDirection,-31.2,63.29
22,270,-0.1782,DownDirection,1.91,-10.26
23,90,0.8063,UpDirection,177.65,53.74
24,90,0.6439,UpDirection,12.57,40.08
25,90,-0.1267,DownDirection,131.58,-7.28
26,90,0.8516,UpDirection,114.77,58.38
27,90,0.7543,UpDirection,-169.76,48.97
28,90,0.6363,UpDirection,68.36,39.52
29,90,0.6182,UpDirection,-14.26,38.18
30,90,0.343,UpDirection,87.18,20.06
31,270,-0.5585,DownDirection,38.85,-33.95
32,90,0.5636,UpDirection,119.93,34.31
33,90,0.7242,UpDirection,123.77,46.41
34,90,0.7046,UpDirection,-23.55,44.8
35,270,0.4389,UpDirection,82.61,26.03
36,270,0.2965,UpDirection,49.06,17.25
37,90,0.724,UpDirection,-168.13,46.38
38,270,-0.5869,DownDirection,-11.07,-35.94
39,90,-0.2129,DownDirection,0.06,-12.29
40,90,0.441,UpDirection,15.24,26.17
41,270,0.3333,UpDirection,-34.04,19.47
42,90,0.1034,UpDirection,-40.81,5.93
43,270,-0.1041,DownDirection,35.23,-5.97
44,90,0.3258,UpDirection,135.77,19.02
45,270,0.4902,UpDirection,90.79,29.35
46,90,0.8554,UpDirection,115.78,58.81
47,90,0.1381,UpDirection,132.6,7.94
48,90,-0.3635,DownDirection,-11.2,-21.31
49,270,-0.4159,DownDirection,53.36,-24.57
50,90,0.6748,UpDirection,63.91,42.44
51,90,0.3469,UpDirection,88.37,20.3
52,270,0.2556,UpDirection,-4.65,14.81
53,270,0.2132,UpDirection,57.88,12.31
54,90,-0.3269,DownDirection,32.92,-19.08
55,90,-0.026,DownDirection,28.87,-1.49
56,90,0.9702,UpDirection,152.49,75.97
57,270,0.5255,UpDirection,64.38,31.7
58,90,0.005,UpDirection,29.53,0.29
59,90,0.9833,UpDirection,-126.73,79.5
60,270,0.3771,UpDirection,2.55,22.15
61,270,0.1894,UpDirection,-28.1,10.92
62,90,0.7369,UpDirection,0.83,47.47
63,90,0.0822,UpDirection,-13.06,4.71
64,270,-0.1256,DownDirection,111.16,-7.22
65,90,0.6322,UpDirection,9.96,39.21
66,90,0.0111,UpDirection,131.59,0.63
67,90,0.9434,UpDirection,2.63,70.64
68,270,0.6794,UpDirection,61.05,42.8
69,270,0.2961,UpDirection,-57.13,17.22
70,90,0.9728,UpDirection,73.34,76.6
71,90,0.0019,UpDirection,89.49,0.11
72,270,0.4051,UpDirection,-1.79,23.9
73,90,-0.347,DownDirection,6.96,-20.3
74,270,0.3252,UpDirection,75.27,18.98
75,270,0.1051,UpDirection,27.23,6.03
76,90,0.2844,UpDirection,85.8,16.52
77,90,-0.2232,DownDirection,-25.6,-12.9
78,90,0.0914,UpDirection,-60.56,5.24
79,270,-0.324,DownDirection,114.11,-18.9
80,270,0.017,UpDirection,97.87,0.97
81,90,0.8484,UpDirection,106.14,58.04
82,90,0.9473,UpDirection,148.81,71.31
83,270,0.1029,UpDirection,73.49,5.91
84,270,-0.1934,DownDirection,2.59,-11.15
85,90,0.9859,UpDirection,3.85,80.36
86,90,0.2382,UpDirection,123.44,13.78
87,90,0.2175,UpDirection,16.33,12.56
88,270,-0.4585,DownDirection,14.72,-27.29
89,90,0.1302,UpDirection,149.14,7.48
90,90,0.0006,UpDirection,20.57,0.03
91,90,0.9872,UpDirection,24.76,80.81
92,270,0.303,UpDirection,-12.53,17.64
93,270,0.4917,UpDirection,-6.36,29.46
94,90,-0.2197,DownDirection,73.47,-12.69
95,90,0.7901,UpDirection,-154.56,52.2
96,90,0.8416,UpDirection,19.72,57.31
97,90,-0.2461,DownDirection,-35.75,-14.25
98,90,0.6348,UpDirection,3.5,39.4
99,270,0.5932,UpDirection,72.86,36.39
100,90,0.8823,UpDirection,-50.95,61.92
101,90,-0.3605,DownDirection,22.64,-21.13
102,90,0.5172,UpDirection,64.05,31.14
103,270,0.1329,UpDirection,32.11,7.63
104,270,0.6486,UpDirection,-29.75,40.44
105,90,-0.2052,DownDirection,105.57,-11.84
106,90,-0.1756,DownDirection,29.02,-10.11
107,90,0.8202,UpDirection,-8.72,55.11
108,90,0.2583,UpDirection,-59.95,14.97
109,270,-0.6007,DownDirection,86.08,-36.92
110,90,0.0098,UpDirection,0.43,0.56
111,270,0.1642,UpDirection,91.13,9.45
112,90,0.025,UpDirection,77.24,1.43
113,90,-0.2352,DownDirection,-47.97,-13.61
114,90,-0.3644,DownDirection,16.22,-21.37
115,90,-0.0313,DownDirection,24.37,-1.79
116,270,0.6328,UpDirection,15.17,39.25
117,90,0.3916,UpDirection,123.68,23.06
118,270,0.2345,UpDirection,48.99,13.56
119,90,0.0199,UpDirection,39.19,1.14
120,270,0.3289,UpDirection,-33.74,19.2
121,90,0.6997,UpDirection,-32.16,44.4
122,270,0.5232,UpDirection,10.67,31.54
123,270,-0.6983,DownDirection,-10.14,-44.29
124,90,0.0076,UpDirection,-4.05,0.43
125,90,0.6618,UpDirection,112.36,41.44
126,270,0.2266,UpDirection,39.31,13.1
127,270,-0.8479,DownDirection,-7.68,-57.98
128,90,0.8607,UpDirection,157.37,59.39
129,90,0.9416,UpDirection,2.71,70.32
130,90,0.8226,UpDirection,14.36,55.35
131,90,-0.5563,DownDirection,-100.86,-33.8
132,270,-0.7466,DownDirection,22.63,-48.3
133,90,0.0828,UpDirection,30.87,4.75
134,270,-0.5027,DownDirection,-9.66,-30.18
135,90,0.8283,UpDirection,63.18,55.92
136,270,0.0133,UpDirection,101.35,0.76
137,90,0.0685,UpDirection,-32.76,3.93
138,90,0.8112,UpDirection,111.14,54.21
139,90,0.8972,UpDirection,-142.05,63.79
140,90,0.6803,UpDirection,-31.8,42.87
141,270,-0.1149,DownDirection,88.69,-6.6
142,90,0.0549,UpDirection,15.98,3.15
143,90,-0.3485,DownDirection,76.5,-20.4
144,90,0.4961,UpDirection,52.08,29.75
145,270,-0.8621,DownDirection,8.03,-59.55
146,270,0.4085,UpDirection,132.96,24.11
147,90,0.0809,UpDirection,115.1,4.64
148,270,0.073,UpDirection,-43.04,4.19
149,270,-0.2256,DownDirection,-11.78,-13.04
150,90,0.9142,UpDirection,-156.16,66.1
151,90,0.6077,UpDirection,67.34,37.42
152,270,-0.0482,DownDirection,86.87,-2.76
153,90,0.0351,UpDirection,-28.69,2.01
154,90,0.5845,UpDirection,-52,35.76
155,270,0.4727,UpDirection,110.87,28.21
156,90,0.4402,UpDirection,7.17,26.12
157,270,0.4256,UpDirection,-34.67,25.19
158,90,-0.1854,DownDirection,-43.17,-10.69
159,270,-0.0253,DownDirection,49.57,-1.45
160,270,0.2494,UpDirection,-55.29,14.44
161,90,0.6584,UpDirection,8.04,41.18
162,90,-0.4625,DownDirection,7.25,-27.55
163,90,0.2241,UpDirection,85.03,12.95
164,270,0.004,UpDirection,-33.74,0.23
165,90,-0.2089,DownDirection,18.55,-12.06
166,270,-0.4588,DownDirection,63.93,-27.31
167,90,-0.4258,DownDirection,-37.43,-25.2
168,270,0.0288,UpDirection,28.91,1.65
169,90,0.0021,UpDirection,54.08,0.12
170,90,0.0545,UpDirection,30.49,3.13
171,270,0.4051,UpDirection,-34.12,23.9
172,90,-0.2387,DownDirection,-26.13,-13.81
173,270,-0.4466,DownDirection,12.76,-26.53
174,90,0.6901,UpDirection,3.54,43.64
175,90,0.3632,UpDirection,13.66,21.3
176,90,0.4499,UpDirection,65.91,26.74
177,90,0.2076,UpDirection,-44.93,11.98
178,90,0.2459,UpDirection,83.07,14.24
179,90,0.9541,UpDirection,158.55,72.58
180,90,0.1582,UpDirection,-3.3,9.1
181,270,0.0379,UpDirection,8.79,2.17
182,270,0.1129,UpDirection,82,6.48
183,90,0.0174,UpDirection,3.82,1
184,270,0.6686,UpDirection,77.44,41.96
185,270,0.1027,UpDirection,55.76,5.9
186,90,-0.0457,DownDirection,-45.45,-2.62
187,90,-0.0634,DownDirection,27.67,-3.64
188,270,0.3152,UpDirection,59.69,18.37
189,270,0.0165,UpDirection,113.72,0.94
190,90,-0.0053,DownDirection,58.6,-0.3
191,270,0.4546,UpDirection,38.94,27.04
192,270,-0.9201,DownDirection,16,-66.95
193,90,0.5317,UpDirection,131.27,32.12
194,270,-0.3876,DownDirection,-2.68,-22.81
195,90,-0.353,DownDirection,10.12,-20.67
196,90,0.3598,UpDirection,43.63,21.09
197,90,0.742,UpDirection,-28.18,47.91
198,90,0.665,UpDirection,152.13,41.68
199,270,0.2202,UpDirection,-7.92,12.72
200,90,-0.015,DownDirection,20.86,-0.86
201,90,0.6805,UpDirection,-32.26,42.88
202,270,-0.046,DownDirection,-33.25,-2.64
203,90,-0.2005,DownDirection,-0.13,-11.57
204,270,0.1218,UpDirection,-5.53,7
205,90,-0.3767,DownDirection,0.5,-22.13
206,90,-0.1882,DownDirection,2.27,-10.85
207,90,0.0251,UpDirection,-13.28,1.44
208,90,0.2082,UpDirection,130.57,12.02
209,270,0.2841,UpDirection,122.56,16.51
210,90,0.8358,UpDirection,87.56,56.7
211,270,0.5145,UpDirection,61.61,30.96
212,90,0.1866,UpDirection,-17.22,10.75
213,90,0.4156,UpDirection,110.42,24.55
214,90,-0.2222,DownDirection,20.2,-12.84
215,90,-0.1318,DownDirection,22.25,-7.57
216,270,0.6811,UpDirection,116.36,42.93
217,270,0.0468,UpDirection,20.11,2.68
218,270,-0.7231,DownDirection,-5.59,-46.31
219,90,-0.4728,DownDirection,81.48,-28.22
220,90,0.9516,UpDirection,-126.2,72.1
221,90,-0.4378,DownDirection,83.17,-25.97
222,90,-0.317,DownDirection,2.27,-18.48
223,270,-0.1325,DownDirection,-46.42,-7.61
224,270,-0.4314,DownDirection,-5.1,-25.56
225,270,-0.7902,DownDirection,-11.26,-52.21
226,90,0.0138,UpDirection,121.87,0.79
227,90,0.2645,UpDirection,-1.5,15.33
228,90,0.3294,UpDirection,-3.69,19.23
229,90,0.516,UpDirection,150.43,31.06
230,270,-0.0625,DownDirection,119.95,-3.59
231,90,0.2177,UpDirection,56.7,12.57
232,270,0.0377,UpDirection,67.1,2.16
233,270,-0.0146,DownDirection,-11.72,-0.84
234,90,-0.0402,DownDirection,38.33,-2.3
235,270,-0.1822,DownDirection,106.1,-10.5
236,270,0.4716,UpDirection,110.18,28.14
237,90,0.3341,UpDirection,89.41,19.52
238,270,-0.0912,DownDirection,116.22,-5.23
239,270,0.7527,UpDirection,151.76,48.83
240,90,0.3721,UpDirection,122.61,21.84
241,90,-0.2162,DownDirection,-48.52,-12.49
242,270,-0.5252,DownDirection,26.63,-31.68
243,270,0.1672,UpDirection,-36.74,9.63
244,90,0.7826,UpDirection,163.47,51.5
245,270,-0.1294,DownDirection,77.74,-7.44
246,90,-0.7509,DownDirection,36.85,-48.67
247,90,0.5887,UpDirection,-2.16,36.07
248,90,0.7015,UpDirection,133.71,44.54
249,90,0.8743,UpDirection,109.57,60.96
250,90,0.3923,UpDirection,-36.01,23.1
251,90,0.9782,UpDirection,16.04,78.03
252,90,0.0859,UpDirection,-5.05,4.93
253,90,0.7871,UpDirection,155.72,51.92
254,90,-0.3418,DownDirection,103.38,-19.99
255,90,-0.1103,DownDirection,176.23,-6.33
256,90,0.3577,UpDirection,7.57,20.96
257,90,0.2869,UpDirection,-11.99,16.67
258,90,0.059,UpDirection,106.1,3.38
259,90,0.0465,UpDirection,-13.52,2.66
260,90,0.4019,UpDirection,102.37,23.7
261,270,0.2378,UpDirection,107.64,13.76
262,270,-0.0219,DownDirection,34.87,-1.26
263,90,0.6829,UpDirection,-19.45,43.07
264,90,-0.0313,DownDirection,96.04,-1.79
265,90,0.6717,UpDirection,37.47,42.19
266,270,-0.1848,DownDirection,2.44,-10.65
267,90,0.1697,UpDirection,6.46,9.77
268,90,0.4258,UpDirection,-0.97,25.2
269,90,0.7459,UpDirection,122.32,48.24
270,90,-0.4532,DownDirection,89.13,-26.95
271,270,-0.1637,DownDirection,74.62,-9.42
272,270,-0.7211,DownDirection,51.09,-46.15
273,270,-0.0959,DownDirection,-39.12,-5.5
274,270,0.4755,UpDirection,30.98,28.39
275,270,-0.0143,DownDirection,93.6,-0.82
276,270,-0.3648,DownDirection,1.45,-21.4
277,90,0.2773,UpDirection,79.61,16.1
278,90,-0.0906,DownDirection,109.05,-5.2
279,270,-0.0036,DownDirection,60.04,-0.2
280,270,-0.7042,DownDirection,-7.86,-44.77
281,270,0.6174,UpDirection,113.48,38.13
282,270,0.1829,UpDirection,10.05,10.54
283,90,-0.1678,DownDirection,-22.85,-9.66
284,90,-0.0975,DownDirection,70.33,-5.59
285,90,-0.2001,DownDirection,137.15,-11.54
286,90,-0.1461,DownDirection,-4.47,-8.4
287,270,-0.2403,DownDirection,19.07,-13.9
288,90,-0.1214,DownDirection,95.42,-6.97
289,90,0.238,UpDirection,53.97,13.77
290,90,0.0596,UpDirection,-5.99,3.42
291,90,0.9652,UpDirection,-132.54,74.84
292,90,-0.4324,DownDirection,67.74,-25.62
293,90,0.2743,UpDirection,38.35,15.92
294,90,0.1814,UpDirection,13.29,10.45
295,90,0.8655,UpDirection,48.24,59.94
296,270,-0.5896,DownDirection,10.31,-36.13
297,90,-0.0162,DownDirection,77.57,-0.93
298,90,-0.0244,DownDirection,38.12,-1.4
299,270,-0.3244,DownDirection,1.49,-18.93
300,90,0.9662,UpDirection,46.88,75.05
301,270,0.2126,UpDirection,90.71,12.27
302,90,-0.0193,DownDirection,101.09,-1.11
303,270,0.019,UpDirection,-41.34,1.09
304,270,0.0856,UpDirection,100.5,4.91
305,270,-0.6991,DownDirection,-9.65,-44.36
306,90,0.4011,UpDirection,149.43,23.65
307,90,-0.5891,DownDirection,-2,-36.09
308,270,-0.1659,DownDirection,-12.54,-9.55
309,270,0.3997,UpDirection,74.44,23.56
310,270,-0.0968,DownDirection,28.8,-5.56
311,90,-0.2301,DownDirection,89.55,-13.31
312,90,0.8874,UpDirection,96.08,62.55
313,270,0.0211,UpDirection,40.91,1.21
314,90,-0.1813,DownDirection,56.78,-10.44
315,270,0.4668,UpDirection,105.23,27.83
316,270,0.4882,UpDirection,74.58,29.22
317,270,0.0098,UpDirection,-25.41,0.56
318,270,0.0126,UpDirection,-23.43,0.72
319,270,-0.092,DownDirection,29.68,-5.28
320,90,0.3217,UpDirection,-15.24,18.77
321,270,-0.0117,DownDirection,-0.29,-0.67
322,270,0.6112,UpDirection,79.44,37.68
323,270,-0.0965,DownDirection,-1.55,-5.54
324,90,0.6142,UpDirection,-20.34,37.89
325,270,0.085,UpDirection,1.68,4.87
326,270,-0.3731,DownDirection,67.26,-21.91
327,90,0.6221,UpDirection,48.14,38.47
328,270,-0.1434,DownDirection,54.75,-8.25
329,90,0.9246,UpDirection,157.79,67.61
330,270,-0.4255,DownDirection,7.95,-25.18
331,270,0.6769,UpDirection,20.12,42.6
332,90,0.6967,UpDirection,30.37,44.16
333,90,0.2698,UpDirection,91.55,15.65
334,270,0.0573,UpDirection,-31.43,3.29
335,270,0.4852,UpDirection,73.7,29.02
336,270,0.0861,UpDirection,117.88,4.94
337,90,0.5903,UpDirection,-12.65,36.18
338,90,0.6452,UpDirection,47.61,40.18
339,90,0.7585,UpDirection,114.39,49.33
340,90,0.7832,UpDirection,79.03,51.56
341,90,0.4133,UpDirection,110.82,24.41
342,90,-0.0194,DownDirection,47.98,-1.11
343,90,0.0872,UpDirection,15.3,5.01
344,90,0.2355,UpDirection,77.99,13.62
345,90,0.9298,UpDirection,152.09,68.41
346,270,-0.6894,DownDirection,2.99,-43.58
347,90,0.2608,UpDirection,38.96,15.12
348,90,0.076,UpDirection,-27.1,4.36
349,90,-0.5353,DownDirection,-35.57,-32.37
350,270,0.4802,UpDirection,31.05,28.7
351,90,0.5739,UpDirection,0.92,35.02
352,90,-0.0269,DownDirection,-37.88,-1.54
353,90,0.0582,UpDirection,12.59,3.34
354,90,0.6818,UpDirection,88.9,42.99
355,90,-0.4193,DownDirection,106.47,-24.79
356,90,0.0703,UpDirection,-13.24,4.03
357,90,0.7497,UpDirection,72.54,48.57
358,90,0.8829,UpDirection,133.62,61.99
359,270,0.2417,UpDirection,93.04,13.98
360,90,0.5221,UpDirection,10.14,31.47
361,270,0.3279,UpDirection,-60.76,19.14
362,90,0.2758,UpDirection,113.08,16.01
363,90,0.1643,UpDirection,166.83,9.46
364,90,0.9217,UpDirection,22.23,67.18
365,270,0.2818,UpDirection,42.98,16.37
366,270,-0.5413,DownDirection,-8.4,-32.77
367,90,0.2318,UpDirection,85.23,13.4
368,90,0.7146,UpDirection,107.48,45.61
369,90,0.7561,UpDirection,127.99,49.12
370,270,-0.3065,DownDirection,47.16,-17.85
371,90,0.6634,UpDirection,-13.2,41.56
372,90,-0.7271,DownDirection,-26.07,-46.64
373,90,0.5885,UpDirection,31.01,36.05
374,270,0.2126,UpDirection,90.71,12.27
375,90,0.7421,UpDirection,37.05,47.91
376,270,0.4409,UpDirection,92.69,26.16
377,90,0.8169,UpDirection,83.97,54.78
378,270,0.2117,UpDirection,79.89,12.22
379,90,0.0813,UpDirection,-15.46,4.66
380,270,-0.469,DownDirection,-137.25,-27.97
381,90,0.8669,UpDirection,62.53,60.1
382,90,-0.3582,DownDirection,15.93,-20.99
383,90,0.9814,UpDirection,76.89,78.94
384,270,-0.0198,DownDirection,79.97,-1.13
385,90,0.7151,UpDirection,59.41,45.65
386,90,-0.1656,DownDirection,-121.09,-9.53
387,270,-0.0348,DownDirection,20.52,-2
388,90,0.3938,UpDirection,-18.05,23.19
389,90,0.224,UpDirection,85.69,12.94
390,90,0.9571,UpDirection,118.99,73.16
391,90,-0.3555,DownDirection,-87.29,-20.82
392,90,0.3605,UpDirection,62.98,21.13
393,90,0.9967,UpDirection,124.51,85.33
394,90,0.9778,UpDirection,109.64,77.91
395,270,-0.0553,DownDirection,71.69,-3.17
396,90,0.038,UpDirection,16.16,2.18
397,270,-0.6273,DownDirection,-15.76,-38.85
398,270,-0.0777,DownDirection,24.96,-4.46
399,270,-0.4503,DownDirection,7.33,-26.76
400,90,0.2947,UpDirection,12.2,17.14
401,270,-0.4656,DownDirection,11.33,-27.75
402,270,-0.0995,DownDirection,-30.03,-5.71
403,90,0.2703,UpDirection,104.53,15.68
404,90,-0.048,DownDirection,-29.37,-2.75
405,90,-0.2087,DownDirection,38.32,-12.05
406,90,0.7506,UpDirection,44.45,48.64
407,90,0.2138,UpDirection,120.65,12.35
408,270,-0.6541,DownDirection,-0.43,-40.85
409,90,0.846,UpDirection,128.56,57.78
410,90,0.5936,UpDirection,1.55,36.41
411,90,0.935,UpDirection,53.06,69.22
412,90,0.1102,UpDirection,53.07,6.33
413,90,-0.1808,DownDirection,3.92,-10.42
414,90,0.3015,UpDirection,-16.4,17.55
415,270,-0.5084,DownDirection,-0.91,-30.55
416,90,0.7185,UpDirection,-59.42,45.93
417,270,-0.3449,DownDirection,-7.76,-20.18
418,90,0.5511,UpDirection,-15.99,33.44
419,270,-0.2236,DownDirection,70.28,-12.92
420,270,0.2204,UpDirection,-7.9,12.73
421,90,0.5988,UpDirection,58.33,36.78
422,270,0.6778,UpDirection,21.76,42.67
423,270,0.2878,UpDirection,105.55,16.73
424,270,0.3776,UpDirection,42.31,22.18
425,270,0.4135,UpDirection,0.73,24.43
426,90,-0.0952,DownDirection,32.82,-5.46
427,90,-0.2226,DownDirection,34.03,-12.86
428,90,0.6174,UpDirection,0.76,38.13
429,270,-0.1886,DownDirection,23.77,-10.87
430,270,-0.0846,DownDirection,-3.64,-4.85
431,90,0.561,UpDirection,113.89,34.13
432,90,0.8649,UpDirection,-46.48,59.87
433,270,0.2807,UpDirection,139.28,16.3
434,270,0.2861,UpDirection,73.43,16.63
435,270,-0.2511,DownDirection,62.6,-14.54
436,90,-0.4609,DownDirection,-10.95,-27.44
437,90,0.834,UpDirection,85.19,56.51
438,90,0.9644,UpDirection,35.3,74.67
439,90,0.2969,UpDirection,41.23,17.27
440,270,-0.1554,DownDirection,-5.86,-8.94
441,270,0.2241,UpDirection,28.6,12.95
442,90,0.7142,UpDirection,27.21,45.57
443,90,-0.0665,DownDirection,4.34,-3.81
444,270,0.4889,UpDirection,95.51,29.27
445,90,-0.3282,DownDirection,2.47,-19.16
446,90,0.3952,UpDirection,143.39,23.28
447,270,0.2319,UpDirection,-3.81,13.41
448,90,-0.3067,DownDirection,5.49,-17.86
449,270,0.1311,UpDirection,11.24,7.53
450,90,0.9623,UpDirection,-14.18,74.22
451,90,0.9636,UpDirection,40.81,74.49
452,90,0.7078,UpDirection,68.43,45.06
453,270,-0.0101,DownDirection,71.65,-0.58
454,270,0.1792,UpDirection,55.61,10.33
455,90,-0.0127,DownDirection,-19.4,-0.73
456,90,-0.1295,DownDirection,-12.17,-7.44
457,270,0.7397,UpDirection,69.4,47.71
458,90,0.9584,UpDirection,119.91,73.41
459,90,0.1837,UpDirection,120.83,10.58
460,90,0.5825,UpDirection,0.91,35.63
461,90,0.2711,UpDirection,7.71,15.73
462,270,-0.1703,DownDirection,64.83,-9.81
463,90,0.8318,UpDirection,102.46,56.28
464,90,0.6891,UpDirection,-62.73,43.56
465,90,0.8434,UpDirection,111,57.5
466,90,0.6093,UpDirection,154.56,37.54
467,90,0.838,UpDirection,104.16,56.92
468,90,0.0695,UpDirection,57.34,3.98
469,90,0.505,UpDirection,-71.49,30.33
470,90,0.0654,UpDirection,141.05,3.75
471,90,0.5924,UpDirection,-6.28,36.33
472,90,0.58,UpDirection,41.61,35.45
473,90,0.9879,UpDirection,130.83,81.07
474,270,0.4382,UpDirection,-35.8,25.99
475,90,0.4905,UpDirection,-48.06,29.38
476,90,-0.4366,DownDirection,-9.52,-25.89
477,90,0.717,UpDirection,94.01,45.81
478,270,-0.6306,DownDirection,45.98,-39.09
479,90,-0.3273,DownDirection,-47.02,-19.11
480,270,-0.2336,DownDirection,-1.31,-13.51
481,90,0.2529,UpDirection,77.35,14.65
482,270,-0.7679,DownDirection,-9.4,-50.16
483,270,-0.0767,DownDirection,62.77,-4.4
484,270,-0.0527,DownDirection,64.82,-3.02
485,90,-0.3269,DownDirection,-15.33,-19.08
486,270,-0.051,DownDirection,-44.16,-2.93
487,90,0.5429,UpDirection,86.42,32.88
488,90,-0.3871,DownDirection,42.07,-22.78
489,270,-0.6031,DownDirection,63.24,-37.09
490,270,0.3835,UpDirection,64.8,22.55
491,90,0.5152,UpDirection,-5.97,31.01
492,90,-0.3735,DownDirection,-24.11,-21.93
493,270,-0.7419,DownDirection,-28.24,-47.9
494,270,0.2853,UpDirection,74.65,16.58
495,90,0.5174,UpDirection,116.87,31.15
496,90,0.9316,UpDirection,-27.77,68.69
497,270,0.2742,UpDirection,47.65,15.92
498,270,-0.4866,DownDirection,77.01,-29.12
499,90,0.1578,UpDirection,116.23,9.08
500,270,-0.3069,DownDirection,-1.39,-17.87
501,90,0.9902,UpDirection,-164.42,81.98
502,90,-0.7538,DownDirection,20.84,-48.92
503,270,-0.3759,DownDirection,103.74,-22.08
504,90,0.2807,UpDirection,72.13,16.3
505,270,-0.4674,DownDirection,-6.7,-27.87
506,270,0.6136,UpDirection,7.87,37.85
507,90,0.6243,UpDirection,136.19,38.63
508,90,-0.5495,DownDirection,3.38,-33.34
509,270,-0.3201,DownDirection,-9.74,-18.67
510,90,0.9614,UpDirection,-15.81,74.03
511,270,0.0759,UpDirection,20.43,4.35
512,270,0.7006,UpDirection,70.5,44.48
513,90,0.2087,UpDirection,17.03,12.05
514,270,-0.2947,DownDirection,91.86,-17.14
515,270,-0.0036,DownDirection,-38.43,-0.21
516,270,-0.0232,DownDirection,34.83,-1.33
517,90,0.8361,UpDirection,120.26,56.73
518,270,-0.5727,DownDirection,-32.03,-34.94
519,90,0.3988,UpDirection,47.61,23.51
520,90,0.8605,UpDirection,61.79,59.37
521,270,0.0916,UpDirection,-2.1,5.26
522,90,0.8577,UpDirection,-126.92,59.06
523,270,0.2252,UpDirection,16.65,13.01
524,270,0.1659,UpDirection,55.58,9.55
525,270,-0.1579,DownDirection,59.39,-9.09
526,90,0.5295,UpDirection,6.27,31.97
527,90,0.0643,UpDirection,-13.3,3.69
528,90,0.3609,UpDirection,112.8,21.16
529,90,-0.0284,DownDirection,-34.41,-1.63
530,270,-0.4195,DownDirection,37.18,-24.8
531,90,0.2637,UpDirection,102.27,15.29
532,90,0.275,UpDirection,62.7,15.96
533,90,0.9324,UpDirection,-135.95,68.81
534,90,0.192,UpDirection,-35.79,11.07
535,90,0.0205,UpDirection,170.6,1.17
536,90,-0.2954,DownDirection,178.03,-17.18
537,90,-0.5028,DownDirection,55.2,-30.19
538,90,0.6142,UpDirection,75.83,37.89
539,90,-0.0178,DownDirection,-1.53,-1.02
540,270,0.6027,UpDirection,11.82,37.06
541,90,-0.0854,DownDirection,43.76,-4.9
542,90,0.7014,UpDirection,50.43,44.54
543,270,-0.3377,DownDirection,6.02,-19.74
544,270,-0.025,DownDirection,31.33,-1.43
545,90,0.9558,UpDirection,58.66,72.91
546,90,0.904,UpDirection,179.06,64.69
547,90,0.7325,UpDirection,84.44,47.1
548,270,-0.6551,DownDirection,33.4,-40.93
549,90,0.6157,UpDirection,-10.65,38
550,270,0.065,UpDirection,-82,3.73
551,270,-0.1018,DownDirection,-15.33,-5.84
552,270,0.4392,UpDirection,-10.99,26.05
553,90,0.522,UpDirection,119.47,31.47
554,270,0.4177,UpDirection,-5.9,24.69
555,270,0.3172,UpDirection,116.5,18.5
556,270,0.0944,UpDirection,61.06,5.42
557,90,0.1918,UpDirection,-15.91,11.06
558,270,0.1547,UpDirection,102.39,8.9
559,90,0.6671,UpDirection,104.99,41.85
560,270,-0.2831,DownDirection,89.3,-16.44
561,270,0.9308,UpDirection,-42.5,68.56
562,90,0.6207,UpDirection,58.46,38.37
563,90,0.616,UpDirection,53.4,38.03
564,90,-0.4206,DownDirection,49.65,-24.87
565,270,0.0138,UpDirection,-37.74,0.79
566,270,0.4532,UpDirection,-10.83,26.95
567,90,0.1361,UpDirection,139.28,7.82
568,90,-0.482,DownDirection,-70.26,-28.82
569,270,0.5692,UpDirection,-0.54,34.7
570,90,0.3063,UpDirection,-5.74,17.83
571,90,0.8993,UpDirection,22.67,64.07
572,270,-0.1411,DownDirection,-5.85,-8.11
573,90,0.4379,UpDirection,129.54,25.97
574,90,0.6108,UpDirection,109.59,37.65
575,270,-0.5115,DownDirection,13.47,-30.77
576,270,-0.7063,DownDirection,-18.48,-44.93
577,90,0.7851,UpDirection,-78.91,51.73
578,270,-0.0355,DownDirection,54.41,-2.03
579,270,0.4532,UpDirection,29.59,26.95
580,270,-0.119,DownDirection,2.02,-6.83
581,270,0.1747,UpDirection,32.49,10.06
582,90,-0.35,DownDirection,28.95,-20.49
583,270,0.3112,UpDirection,114.87,18.13
584,90,-0.1504,DownDirection,-35.04,-8.65
585,90,-0.4752,DownDirection,60.05,-28.37
586,90,0.7779,UpDirection,-130.47,51.07
587,270,-0.4175,DownDirection,-24.75,-24.67
588,90,0.7441,UpDirection,39.87,48.08
589,90,0.7275,UpDirection,98.03,46.68
590,90,0.5817,UpDirection,66.54,35.57
591,270,0.3317,UpDirection,46.74,19.37
592,90,-0.2433,DownDirection,81.27,-14.08
593,90,0.1118,UpDirection,-37.83,6.42
594,90,0.0389,UpDirection,-11.38,2.23
595,270,0.0809,UpDirection,66.75,4.64
596,270,-0.3967,DownDirection,-28.26,-23.37
597,270,-0.7115,DownDirection,8.65,-45.36
598,90,-0.2841,DownDirection,88.45,-16.51
599,90,0.9612,UpDirection,177.68,73.99
600,90,-0.4889,DownDirection,-84.42,-29.27
601,90,0.5999,UpDirection,17.54,36.86
602,270,-0.446,DownDirection,60.61,-26.49
603,90,0.22,UpDirection,99.78,12.71
604,270,0.1842,UpDirection,74.07,10.62
605,90,0.593,UpDirection,-61.79,36.37
606,90,0.683,UpDirection,90.53,43.08
607,270,-0.3706,DownDirection,-36.87,-21.75
608,270,0.4621,UpDirection,69.36,27.52
609,90,0.0829,UpDirection,114.56,4.75
610,90,0.7474,UpDirection,110.78,48.37
611,270,-0.3179,DownDirection,-0.13,-18.54
612,90,0.0636,UpDirection,4.49,3.65
613,270,0.2824,UpDirection,38.41,16.4
614,90,0.2116,UpDirection,139.41,12.22
615,90,0.3751,UpDirection,142.25,22.03
616,270,0.3711,UpDirection,-3.75,21.79
617,90,0.3552,UpDirection,72.39,20.81
618,90,0.0406,UpDirection,97.02,2.33
619,270,-0.0857,DownDirection,78.45,-4.91
620,90,0.2202,UpDirection,97.44,12.72
621,90,0.4049,UpDirection,114,23.88
622,270,0.0023,UpDirection,-31.3,0.13
623,270,0.3631,UpDirection,40.72,21.29
624,270,0.5562,UpDirection,93.59,33.79
625,90,0.6726,UpDirection,107.63,42.27
626,90,0.5674,UpDirection,121.47,34.57
627,90,0.5082,UpDirection,78.66,30.54
628,270,-0.1076,DownDirection,-22.4,-6.18
629,90,-0.1512,DownDirection,-33.71,-8.7
630,90,0.1978,UpDirection,5.85,11.41
631,90,0.3499,UpDirection,71.44,20.48
632,90,0.2317,UpDirection,125.03,13.39
633,270,-0.2383,DownDirection,-18.31,-13.79
634,270,-0.4457,DownDirection,-2.37,-26.47
635,90,0.4327,UpDirection,125.53,25.64
636,90,0.3599,UpDirection,112.8,21.1
637,90,0.9109,UpDirection,20.23,65.62
638,270,-0.7061,DownDirection,66.49,-44.92
639,90,0.4973,UpDirection,114.17,29.82
640,90,-0.2343,DownDirection,-26.07,-13.55
641,270,0.5562,UpDirection,2.53,33.79
642,270,-0.0953,DownDirection,-16.91,-5.47
643,270,0.1615,UpDirection,13.81,9.29
644,90,0.0328,UpDirection,76.57,1.88
645,90,0.6474,UpDirection,64.54,40.35
646,90,0.3498,UpDirection,43.33,20.48
647,270,0.2039,UpDirection,31.56,11.76
648,90,0.715,UpDirection,-80.73,45.65
649,90,0.232,UpDirection,94.28,13.41
650,90,0.4068,UpDirection,107.99,24
651,90,0.9335,UpDirection,147.29,68.98
652,270,-0.4877,DownDirection,24.06,-29.19
653,270,0.8056,UpDirection,43.4,53.67
654,270,-0.2818,DownDirection,-6.75,-16.36
655,90,-0.2107,DownDirection,77.04,-12.16
656,270,0.3368,UpDirection,53.58,19.68
657,90,0.6179,UpDirection,110.73,38.17
658,90,0.0281,UpDirection,-45.73,1.61
659,270,0.3423,UpDirection,15.12,20.02
660,270,-0.5307,DownDirection,1.4,-32.05
661,90,0.6261,UpDirection,31.83,38.77
662,270,-0.3656,DownDirection,-30.46,-21.44
663,270,-0.075,DownDirection,-9.34,-4.3
664,270,0.6125,UpDirection,89.76,37.77
665,270,-0.3263,DownDirection,82.76,-19.04
666,90,0.6051,UpDirection,92.9,37.24
667,270,0.2886,UpDirection,123.22,16.78
668,90,0.7863,UpDirection,115.45,51.84
669,90,0.2158,UpDirection,-6.62,12.46
670,90,0.0477,UpDirection,-1.46,2.73
671,270,-0.6947,DownDirection,-157.42,-44
672,90,0.3306,UpDirection,-12.42,19.31
673,90,-0.3085,DownDirection,-27.51,-17.97
674,270,-0.3009,DownDirection,109.85,-17.51
675,90,0.6084,UpDirection,0.2,37.48
676,270,-0.164,DownDirection,52.2,-9.44
677,90,0.1873,UpDirection,11.13,10.8
678,90,0.7601,UpDirection,-60.18,49.47
679,270,-0.0246,DownDirection,66.98,-1.41
680,90,0.8838,UpDirection,28.44,62.1
681,90,0.9502,UpDirection,124.87,71.85
682,90,-0.505,DownDirection,-31.66,-30.33
683,90,0.6074,UpDirection,108.8,37.4
684,90,0.9821,UpDirection,66.76,79.14
685,90,0.2401,UpDirection,-43.94,13.89
686,90,0.0696,UpDirection,11.83,3.99
687,270,0.382,UpDirection,139.01,22.46
688,270,-0.1401,DownDirection,34.44,-8.05
689,270,-0.0353,DownDirection,14.2,-2.02
690,90,-0.1903,DownDirection,-28.02,-10.97
691,90,0.6151,UpDirection,96.02,37.96
692,90,-0.1912,DownDirection,103.71,-11.02
693,90,0.3503,UpDirection,-67.26,20.51
694,90,0.8124,UpDirection,-102.19,54.33
695,90,0.1579,UpDirection,-35.76,9.08
696,90,0.467,UpDirection,17.5,27.84
697,270,0.2419,UpDirection,20.69,14
698,270,0.0802,UpDirection,-28.4,4.6
699,270,-0.1041,DownDirection,-2.21,-5.98
700,270,-0.047,DownDirection,122.25,-2.69
701,270,-0.1049,DownDirection,-29.94,-6.02
702,270,-0.057,DownDirection,102.62,-3.27
703,90,-0.2069,DownDirection,-1.33,-11.94
704,270,0.6169,UpDirection,-0.94,38.09
705,270,0.4076,UpDirection,126.68,24.05
706,90,0.022,UpDirection,102.64,1.26
707,270,-0.3689,DownDirection,32.2,-21.65
708,270,0.2826,UpDirection,3.11,16.41
709,270,0.5014,UpDirection,70.2,30.1
710,90,0.038,UpDirection,11.2,2.18
711,90,0.469,UpDirection,79.88,27.97
712,90,0.0597,UpDirection,45.18,3.42
713,90,0.3717,UpDirection,97.89,21.82
714,90,0.1625,UpDirection,40.71,9.35
715,90,0.0387,UpDirection,0.66,2.22
716,90,-0.1345,DownDirection,-23.3,-7.73
717,90,0.0284,UpDirection,-10.31,1.63
718,90,-0.1509,DownDirection,-35.18,-8.68
719,90,0.2529,UpDirection,144.28,14.65
720,90,0.211,UpDirection,-36.91,12.18
721,90,0.6115,UpDirection,-18.77,37.7
722,90,0.0754,UpDirection,59.47,4.32
723,90,0.6725,UpDirection,-157.44,42.26
724,270,-0.1575,DownDirection,91.1,-9.06
725,90,-0.1549,DownDirection,20.06,-8.91
726,270,0.0452,UpDirection,-40.05,2.59
727,90,0.2549,UpDirection,88.07,14.77
728,90,0.6587,UpDirection,-71.37,41.2
729,90,-0.2467,DownDirection,107.9,-14.28
730,90,0.2425,UpDirection,35.71,14.03
731,90,0.1806,UpDirection,61.52,10.41
732,90,-0.0287,DownDirection,9.84,-1.64
733,90,0.2137,UpDirection,-37.65,12.34
734,90,0.7587,UpDirection,39.43,49.35
735,90,0.6538,UpDirection,65,40.83
736,270,-0.5687,DownDirection,63.24,-34.66
737,90,0.4945,UpDirection,80.71,29.64
738,90,0.7182,UpDirection,57.98,45.9
739,90,0.2268,UpDirection,130.19,13.11
740,90,0.6776,UpDirection,68.82,42.66
741,270,0.4216,UpDirection,-12.33,24.94
742,270,-0.1144,DownDirection,-35.44,-6.57
743,90,0.2972,UpDirection,11.11,17.29
744,270,0.1738,UpDirection,55.31,10.01
745,90,0.2093,UpDirection,59.64,12.08
746,270,-0.1582,DownDirection,94.65,-9.1
747,90,0.8266,UpDirection,179.24,55.75
748,270,-0.073,DownDirection,-2.98,-4.19
749,90,0.9828,UpDirection,62.37,79.35
750,90,-0.0077,DownDirection,7.06,-0.44
751,270,-0.0965,DownDirection,-15.03,-5.54
752,270,-0.1201,DownDirection,85.05,-6.9
753,90,-0.0971,DownDirection,1.47,-5.57
754,90,0.1288,UpDirection,111.77,7.4
755,90,0.9515,UpDirection,146.04,72.08
756,90,0.9351,UpDirection,-40.65,69.24
757,270,-0.0721,DownDirection,101.45,-4.13
758,90,-0.3635,DownDirection,-36.1,-21.32
759,270,0.5429,UpDirection,67.11,32.88
760,90,0.2681,UpDirection,55.69,15.55
761,90,0.7022,UpDirection,77.43,44.6
762,90,0.8643,UpDirection,22.61,59.81
763,270,-0.562,DownDirection,20.3,-34.19
764,90,0.3996,UpDirection,48.47,23.55
765,90,0.9112,UpDirection,20.39,65.67
766,270,0.2246,UpDirection,54.44,12.98
767,90,0.124,UpDirection,-48.36,7.12
768,90,-0.0918,DownDirection,8.14,-5.27
769,270,-0.5816,DownDirection,64.27,-35.57
770,90,0.5144,UpDirection,25.63,30.95
771,90,0.2228,UpDirection,60.07,12.87
772,270,-0.1096,DownDirection,36.73,-6.29
773,90,0.9374,UpDirection,128.24,69.63
774,270,0.0556,UpDirection,-29.51,3.18
775,270,0.2931,UpDirection,39.92,17.04
776,270,0.321,UpDirection,54.76,18.72
777,90,0.0994,UpDirection,58.85,5.71
778,90,-0.0407,DownDirection,-13.98,-2.33
779,270,-0.4502,DownDirection,89.77,-26.75
780,90,0.4649,UpDirection,90.19,27.7
781,270,-0.6858,DownDirection,-11.73,-43.3
782,90,0.9575,UpDirection,157.54,73.24
783,90,0.0458,UpDirection,-7.75,2.62
784,90,0.1586,UpDirection,113.5,9.13
785,90,0.4205,UpDirection,167.87,24.87
786,270,-0.0301,DownDirection,-7.53,-1.73
787,90,0.1824,UpDirection,110.17,10.51
788,90,-0.0834,DownDirection,2.23,-4.78
789,90,0.5693,UpDirection,110.46,34.7
790,90,0.1956,UpDirection,101.96,11.28
791,90,0.9277,UpDirection,-127.31,68.07
792,270,0.0079,UpDirection,43.42,0.45
793,90,0.8295,UpDirection,-37.64,56.05
794,270,0.4334,UpDirection,-24.6,25.68
795,270,-0.3605,DownDirection,100.88,-21.13
796,90,0.69,UpDirection,87.29,43.63
797,90,-0.0869,DownDirection,3.25,-4.98
798,270,0.4551,UpDirection,92.92,27.07
799,90,0.9947,UpDirection,129.41,84.12
800,90,-0.2368,DownDirection,12.56,-13.7
801,90,0.147,UpDirection,-15.05,8.45
802,90,0.5278,UpDirection,118.37,31.86
803,270,-0.0283,DownDirection,-11.29,-1.62
804,270,-0.3133,DownDirection,-2.68,-18.26
805,90,-0.0769,DownDirection,51.01,-4.41
806,270,-0.0308,DownDirection,62.02,-1.77
807,270,-0.3474,DownDirection,73.01,-20.33
808,90,0.3551,UpDirection,85.86,20.8
809,270,-0.0185,DownDirection,-42.53,-1.06
810,90,0.0692,UpDirection,111.92,3.97
811,270,0.0634,UpDirection,121.84,3.63
812,270,-0.0988,DownDirection,-1.4,-5.67
813,270,-0.0786,DownDirection,-17.45,-4.51
814,90,0.601,UpDirection,125.32,36.94
815,90,0.085,UpDirection,136.44,4.88
816,270,-0.7414,DownDirection,-0.46,-47.85
817,90,-0.1062,DownDirection,11.32,-6.1
818,90,0.1159,UpDirection,59.2,6.65
819,90,0.4614,UpDirection,48.77,27.48
820,270,0.2802,UpDirection,71.08,16.27
821,90,0.4777,UpDirection,49.27,28.54
822,270,0.1638,UpDirection,34.82,9.43
823,90,0.223,UpDirection,38.08,12.88
824,90,0.2969,UpDirection,89.31,17.27
825,270,-0.3863,DownDirection,3.87,-22.72
826,270,-0.5595,DownDirection,-11.08,-34.02
827,90,0.1048,UpDirection,4.06,6.01
828,270,0.2337,UpDirection,138.64,13.51
829,270,-0.1171,DownDirection,43.44,-6.72
830,270,-0.0139,DownDirection,-14.8,-0.79
831,270,-0.2812,DownDirection,-23.49,-16.33
832,90,0.8266,UpDirection,98.89,55.75
833,270,0.0358,UpDirection,28.07,2.05
834,270,-0.0572,DownDirection,-166.45,-3.28
835,270,-0.5837,DownDirection,82.87,-35.71
836,270,-0.1271,DownDirection,15.8,-7.3
837,90,0.1041,UpDirection,-6.18,5.97
838,270,0.6134,UpDirection,71.15,37.84
839,90,0.9947,UpDirection,146.35,84.1
840,270,0.3111,UpDirection,123.07,18.13
841,90,0.8508,UpDirection,12.22,58.3
842,90,0.1423,UpDirection,90.27,8.18
843,90,0.2645,UpDirection,6.73,15.34
844,270,0.2424,UpDirection,103.41,14.03
845,90,-0.2222,DownDirection,21.73,-12.84
846,270,0.5018,UpDirection,73.74,30.12
847,90,0.9532,UpDirection,-161.84,72.4
848,90,0.9449,UpDirection,11.26,70.88
849,270,0.5875,UpDirection,-174.7,35.98
850,90,0.1062,UpDirection,25.07,6.1
851,270,0.0846,UpDirection,0.98,4.85
852,90,0.5249,UpDirection,-179.61,31.66
853,90,0.2809,UpDirection,73.51,16.31
854,90,0.9609,UpDirection,94.05,73.92
855,270,0.208,UpDirection,11.52,12.01
856,90,-0.1473,DownDirection,-2.99,-8.47
857,90,0.1926,UpDirection,-62.17,11.11
858,270,-0.0125,DownDirection,82.27,-0.72
859,90,0.0221,UpDirection,59.51,1.27
860,90,0.7114,UpDirection,-83.61,45.35
861,270,0.67,UpDirection,44.83,42.06
862,90,-0.1052,DownDirection,20.45,-6.04
863,270,-0.7381,DownDirection,0.28,-47.57
864,270,0.2999,UpDirection,45.75,17.45
865,90,0.0704,UpDirection,-7.43,4.04
866,270,0.1234,UpDirection,-140,7.09
867,270,-0.1281,DownDirection,15.01,-7.36
868,270,-0.1462,DownDirection,107.3,-8.4
869,90,-0.0962,DownDirection,30.39,-5.52
870,270,0.0727,UpDirection,71.5,4.17
871,90,0.0563,UpDirection,119.93,3.23
872,90,-0.1293,DownDirection,131.73,-7.43
873,270,-0.2727,DownDirection,57.62,-15.83
874,270,0.24,UpDirection,38.95,13.89
875,90,0.7503,UpDirection,-45.35,48.61
876,270,0.0478,UpDirection,77.49,2.74
877,270,-0.0793,DownDirection,9.76,-4.55
878,270,-0.2955,DownDirection,97.11,-17.18
879,270,0.4511,UpDirection,96.18,26.81
880,90,-0.4347,DownDirection,-5.15,-25.77
881,270,0.1735,UpDirection,110.8,9.99
882,90,0.9933,UpDirection,161.84,83.35
883,90,0.1427,UpDirection,123.37,8.2
884,270,0.3085,UpDirection,-18.18,17.97
885,90,0.3367,UpDirection,121.5,19.68
886,90,0.397,UpDirection,76.7,23.39
887,90,0.6012,UpDirection,74.33,36.95
888,90,0.8594,UpDirection,-6.31,59.24
889,270,0.8084,UpDirection,102.49,53.94
890,270,0.2214,UpDirection,100.12,12.79
891,270,0.3118,UpDirection,67.17,18.17
892,90,-0.1196,DownDirection,32.6,-6.87
893,270,0.3247,UpDirection,79.46,18.95
894,90,-0.2191,DownDirection,18.24,-12.66
895,270,0.2797,UpDirection,-22.65,16.24
896,270,0.3894,UpDirection,101.04,22.92
897,90,-0.0827,DownDirection,59.64,-4.74
898,90,0.8765,UpDirection,-10.22,61.22
899,90,-0.3379,DownDirection,1.42,-19.75
900,90,-0.4563,DownDirection,41.98,-27.15
901,90,-0.3891,DownDirection,40.38,-22.9
902,90,0.1188,UpDirection,41.35,6.82
903,90,0.9602,UpDirection,-66.23,73.78
904,270,0.2189,UpDirection,-6.52,12.64
905,270,0.3879,UpDirection,42.06,22.82
906,270,0.0667,UpDirection,121.59,3.82
907,90,-0.4088,DownDirection,90.77,-24.13
908,270,-0.0569,DownDirection,111.39,-3.26
909,90,0.6202,UpDirection,71.76,38.33
910,90,0.1222,UpDirection,77.61,7.02
911,270,0.2229,UpDirection,18.08,12.88
912,90,0.7727,UpDirection,-36.43,50.6
913,270,-0.1952,DownDirection,89.31,-11.26
914,90,0.0995,UpDirection,58.81,5.71
915,90,0.0056,UpDirection,4.73,0.32
916,90,0.1003,UpDirection,11.37,5.76
917,270,0.0241,UpDirection,-24.51,1.38
918,270,0.0606,UpDirection,0.72,3.48
919,90,0.42,UpDirection,7.76,24.84
920,90,0.0705,UpDirection,54.22,4.04
921,90,-0.1914,DownDirection,-39.28,-11.03
922,270,-0.1231,DownDirection,-39.24,-7.07
923,90,-0.2169,DownDirection,-20.71,-12.53
924,90,-0.0982,DownDirection,107.21,-5.64
925,90,-0.1508,DownDirection,132.35,-8.68
926,270,0.345,UpDirection,-29.77,20.18
927,270,0.8877,UpDirection,79.57,62.59
928,270,0.1862,UpDirection,-38.83,10.73
929,270,-0.2462,DownDirection,-5.52,-14.25
930,90,0.1549,UpDirection,113.59,8.91
931,90,-0.1643,DownDirection,-49.63,-9.45
932,270,0.0613,UpDirection,22.06,3.52
933,270,-0.1634,DownDirection,46.34,-9.4
934,90,-0.2211,DownDirection,35.51,-12.77
935,270,0.2336,UpDirection,100.14,13.51
936,90,0.5682,UpDirection,-153.06,34.62
937,270,-0.6998,DownDirection,-12.15,-44.41
938,90,-0.2391,DownDirection,129.74,-13.84
939,90,-0.3254,DownDirection,-22.35,-18.99
940,270,-0.0169,DownDirection,122,-0.97
941,90,0.9921,UpDirection,126.5,82.79
942,90,0.6147,UpDirection,93.38,37.93
943,270,-0.27,DownDirection,61.95,-15.66
944,90,-0.0785,DownDirection,31.86,-4.5
945,90,0.2891,UpDirection,7.64,16.8
946,90,0.0715,UpDirection,59.75,4.1
947,90,0.7082,UpDirection,-23.37,45.09
948,90,0.6564,UpDirection,159.47,41.02
949,270,-0.5192,DownDirection,30.08,-31.28
950,90,0.3613,UpDirection,7.55,21.18
951,270,-0.0949,DownDirection,90.87,-5.44
952,270,-0.1665,DownDirection,57.37,-9.59
953,90,-0.2291,DownDirection,32.97,-13.24
954,270,0.6441,UpDirection,47.21,40.1
955,90,-0.1226,DownDirection,106.26,-7.04
956,90,0.2999,UpDirection,-21.11,17.45
957,90,-0.1278,DownDirection,22.71,-7.34
958,270,0.1246,UpDirection,26.69,7.16
959,270,0.3901,UpDirection,9.98,22.96
960,90,0.2927,UpDirection,114.11,17.02
961,90,-0.1644,DownDirection,0.62,-9.46
962,90,0.1337,UpDirection,133.75,7.68
963,270,0.5371,UpDirection,18.03,32.49
964,90,-0.2559,DownDirection,22.13,-14.83
965,90,-0.3644,DownDirection,-17.93,-21.37
966,270,-0.036,DownDirection,-12,-2.06
967,90,-0.1337,DownDirection,2.72,-7.68
968,90,0.0149,UpDirection,62.47,0.86
969,270,0.9003,UpDirection,112.2,64.2
970,90,0.089,UpDirection,85.07,5.11
971,90,0.0972,UpDirection,34.88,5.58
972,270,0.4972,UpDirection,91.64,29.82
973,90,0.4015,UpDirection,171.2,23.68
974,270,-0.4688,DownDirection,5.22,-27.96
975,90,0.2326,UpDirection,126.82,13.45
976,270,-0.0557,DownDirection,111.2,-3.2
977,90,-0.162,DownDirection,2.16,-9.32
978,270,0.3404,UpDirection,75.66,19.9
979,90,0.654,UpDirection,-12.82,40.84
980,270,0.0689,UpDirection,86.65,3.95
981,90,0.5671,UpDirection,122.92,34.55
982,90,0.2778,UpDirection,144.14,16.13
983,270,-0.7445,DownDirection,72.8,-48.12
984,90,-0.4361,DownDirection,-30.78,-25.86
985,270,0.8632,UpDirection,-124.71,59.67
986,90,-0.3698,DownDirection,0.93,-21.7
987,90,-0.0446,DownDirection,30.13,-2.56
988,90,0.1662,UpDirection,21.92,9.57
989,90,-0.3428,DownDirection,10.4,-20.05
990,90,0.1002,UpDirection,109.96,5.75
991,90,-0.1608,DownDirection,55.19,-9.25
992,270,0.2059,UpDirection,102.78,11.88
993,270,-0.8761,DownDirection,16.41,-61.18
994,270,0.3186,UpDirection,6.91,18.58
995,90,0.5225,UpDirection,66.95,31.5
996,90,0.8948,UpDirection,1.98,63.48
997,270,-0.3457,DownDirection,-22.53,-20.22
998,270,0.3624,UpDirection,40.83,21.25
999,90,0.1151,UpDirection,106.02,6.61
1000,90,0.9314,UpDirection,10.76,68.66
1001,270,0.3678,UpDirection,55.91,21.58
1002,270,0.1886,UpDirection,91.51,10.87
1003,270,0.0739,UpDirection,63.8,4.24
1004,90,-0.4125,DownDirection,17,-24.36
1005,90,0.6436,UpDirection,-12.7,40.06
1006,270,-0.1176,DownDirection,22.17,-6.75
1007,90,-0.0764,DownDirection,90.72,-4.38
1008,90,-0.4527,DownDirection,81.73,-26.92
1009,90,0.8464,UpDirection,159.76,57.82
1010,270,0.3993,UpDirection,140.72,23.53
1011,270,0.1132,UpDirection,-24.26,6.5
1012,90,0.3527,UpDirection,105.37,20.65
1013,270,0.5107,UpDirection,87.32,30.71
1014,270,0.0403,UpDirection,87.09,2.31
1015,270,0.292,UpDirection,81.22,16.98
1016,90,0.237,UpDirection,43.04,13.71
1017,90,0.0376,UpDirection,0.25,2.16
1018,90,-0.1024,DownDirection,87.29,-5.88
1019,90,-0.2028,DownDirection,4.58,-11.7
1020,90,-0.0474,DownDirection,95.48,-2.72
1021,270,-0.0877,DownDirection,-22.3,-5.03
1022,270,0.0707,UpDirection,-8.44,4.05
1023,90,0.2076,UpDirection,146.15,11.98
1024,90,0.0269,UpDirection,61.36,1.54
1025,270,0.3235,UpDirection,127.82,18.88
1026,90,0.0387,UpDirection,78.98,2.22
1027,90,0.2063,UpDirection,-18.71,11.91
1028,90,-0.2379,DownDirection,10.73,-13.76
1029,270,0.1093,UpDirection,33.3,6.27
1030,270,0.6598,UpDirection,102.93,41.29
1031,270,0.7512,UpDirection,-48.13,48.7
1032,270,-0.7638,DownDirection,-4.6,-49.8
1033,90,-0.4692,DownDirection,38.38,-27.98
1034,270,0.3545,UpDirection,45.25,20.76
1035,90,-0.2227,DownDirection,7.86,-12.87
1036,270,0.7299,UpDirection,163.27,46.88
1037,90,-0.39,DownDirection,17.32,-22.95
1038,90,0.9212,UpDirection,151.05,67.1
1039,270,0.384,UpDirection,105.81,22.58
1040,270,0.2536,UpDirection,60.61,14.69
1041,90,0.2362,UpDirection,48.8,13.67
1042,90,0.3759,UpDirection,-15.21,22.08
1043,270,0.2714,UpDirection,22.11,15.75
1044,270,0.9634,UpDirection,-23,74.45
1045,90,-0.6128,DownDirection,44.65,-37.79
1046,90,-0.3719,DownDirection,1.3,-21.83
1047,270,-0.9004,DownDirection,37.44,-64.2
1048,270,0.3281,UpDirection,10.61,19.15
1049,270,-0.0094,DownDirection,-0.85,-0.54
1050,90,-0.0947,DownDirection,100.31,-5.44
1051,90,-0.1606,DownDirection,-3.58,-9.24
1052,90,0.2282,UpDirection,4.28,13.19
1053,270,-0.1415,DownDirection,79,-8.13
1054,270,0.3826,UpDirection,-4.13,22.5
1055,270,-0.4598,DownDirection,173.44,-27.38
1056,90,-0.1307,DownDirection,12.23,-7.51
1057,270,0.2741,UpDirection,50.02,15.91
1058,90,0.9325,UpDirection,90.69,68.83
1059,270,-0.7292,DownDirection,65.21,-46.82
1060,90,0.9935,UpDirection,81.9,83.45
1061,270,-0.4047,DownDirection,20.26,-23.87
1062,90,-0.0485,DownDirection,22.75,-2.78
1063,90,-0.0106,DownDirection,11.45,-0.61
1064,90,0.0854,UpDirection,125.13,4.9
1065,270,-0.7146,DownDirection,39.4,-45.61
1066,90,0.1144,UpDirection,79.51,6.57
1067,270,0.5906,UpDirection,92.92,36.2
1068,270,0.6507,UpDirection,97.97,40.59
1069,270,0.2234,UpDirection,7.51,12.91
1070,90,0.2866,UpDirection,-23.72,16.65
1071,270,0.1439,UpDirection,20.2,8.28
1072,270,0.3813,UpDirection,79.6,22.42
1073,270,0.3846,UpDirection,145.05,22.62
1074,90,-0.5588,DownDirection,1.17,-33.97
1075,270,0.1337,UpDirection,3.72,7.68
1076,270,0.0741,UpDirection,-48.31,4.25
1077,270,0.4883,UpDirection,125.94,29.23
1078,90,0.3507,UpDirection,67.04,20.53
1079,90,0.9483,UpDirection,-30.72,71.5
1080,90,-0.013,DownDirection,-1.54,-0.74
1081,270,-0.2269,DownDirection,2.97,-13.11
1082,90,0.4322,UpDirection,44.37,25.61
1083,90,0.0898,UpDirection,28.56,5.15
1084,90,-0.0813,DownDirection,15.59,-4.66
1085,90,-0.0689,DownDirection,44.99,-3.95
1086,270,0.2036,UpDirection,43.89,11.75
1087,270,-0.4598,DownDirection,173.24,-27.38
1088,270,0.491,UpDirection,113.91,29.41
1089,270,0.213,UpDirection,-17.71,12.3
1090,270,-0.8669,DownDirection,38.27,-60.1
1091,270,-0.31,DownDirection,0.05,-18.06
1092,90,0.9667,UpDirection,43.13,75.17
1093,90,0.2175,UpDirection,16.88,12.56
1094,90,-0.2298,DownDirection,1.44,-13.28
1095,270,0.2069,UpDirection,21.43,11.94
1096,90,0.0851,UpDirection,26.54,4.88
1097,90,0.2004,UpDirection,146.85,11.56
1098,270,-0.7037,DownDirection,53.92,-44.72
1099,270,-0.9531,DownDirection,49.69,-72.39
1100,270,-0.9747,DownDirection,97.38,-77.08
1101,90,-0.1954,DownDirection,172.39,-11.27
1102,90,0.975,UpDirection,-48.96,77.15
1103,90,0.1021,UpDirection,95.75,5.86
1104,90,-0.6621,DownDirection,61.36,-41.46
1105,90,-0.3784,DownDirection,40.86,-22.24
1106,270,0.4596,UpDirection,85.87,27.36
1107,270,0.0264,UpDirection,-7.62,1.51
1108,90,0.7727,UpDirection,143.39,50.59
1109,90,0.0652,UpDirection,113.79,3.74
1110,270,0.2046,UpDirection,23.76,11.81
1111,270,-0.0419,DownDirection,-7.18,-2.4
1112,270,0.388,UpDirection,54.52,22.83
1113,90,0.402,UpDirection,108.12,23.7
1114,90,0.3567,UpDirection,66.42,20.9
1115,90,0.8399,UpDirection,77.01,57.13
1116,90,0.6634,UpDirection,72.94,41.56
1117,90,-0.1985,DownDirection,-36.74,-11.45
1118,270,-0.7712,DownDirection,47.36,-50.46
1119,90,0.2146,UpDirection,131.85,12.39
1120,270,-0.8828,DownDirection,43.08,-61.98
1121,90,-0.3466,DownDirection,-36.2,-20.28
1122,90,0.1878,UpDirection,134.09,10.83
1123,90,0.9311,UpDirection,-74.8,68.61
1124,90,0.9977,UpDirection,-109.25,86.15
1125,270,-0.4781,DownDirection,28.16,-28.56
1126,270,-0.279,DownDirection,41.7,-16.2
1127,270,-0.0683,DownDirection,-7.77,-3.91
1128,90,0.9751,UpDirection,166.59,77.18
1129,90,-0.5448,DownDirection,-23.57,-33.01
1130,270,0.1553,UpDirection,-39.85,8.93
1131,90,0.8982,UpDirection,176.59,63.92
1132,270,0.1968,UpDirection,26.31,11.35
1133,270,0.4701,UpDirection,119.89,28.04
1134,270,-0.2731,DownDirection,7.42,-15.85
1135,90,-0.734,DownDirection,22.04,-47.22
1136,270,0.01,UpDirection,129.48,0.57
1137,90,-0.6736,DownDirection,-31.29,-42.34
1138,90,-0.8689,DownDirection,74.29,-60.33
1139,270,0.1588,UpDirection,-3.02,9.14
1140,270,-0.2545,DownDirection,16.51,-14.74
1141,90,-0.3534,DownDirection,-31.25,-20.7
1142,270,-0.1308,DownDirection,129.09,-7.52
1143,90,-0.0534,DownDirection,-14.94,-3.06
1144,90,-0.8012,DownDirection,123.5,-53.24
1145,270,0.6245,UpDirection,3.83,38.64
1146,90,0.3916,UpDirection,-25.48,23.06
1147,90,-0.6206,DownDirection,24.78,-38.36
1148,90,-0.8623,DownDirection,-8.14,-59.58
1149,270,0.1802,UpDirection,98.45,10.38
1150,90,-0.3536,DownDirection,111.63,-20.71
1151,90,-0.8741,DownDirection,-17.03,-60.93
1152,90,-0.9281,DownDirection,64.35,-68.14
1153,270,0.9098,UpDirection,76.24,65.47
1154,90,0.6863,UpDirection,-15.18,43.34
1155,270,-0.5554,DownDirection,108.74,-33.74
1156,90,-0.1978,DownDirection,4.67,-11.41
1157,90,-0.7996,DownDirection,108.58,-53.1
1158,90,-0.8231,DownDirection,30.41,-55.4
1159,270,0.6831,UpDirection,46.95,43.09
1160,270,0.9966,UpDirection,-44.2,85.3
1161,90,-0.7508,DownDirection,4.54,-48.66
1162,270,-0.5209,DownDirection,129.28,-31.39
1163,270,0.446,UpDirection,123.96,26.49
1164,90,0.4152,UpDirection,-33.42,24.53
1165,270,0.6286,UpDirection,-2.34,38.95
1166,270,0.1762,UpDirection,-8.42,10.15
1167,90,0.0067,UpDirection,112.87,0.38
1168,90,-0.365,DownDirection,130.22,-21.41
1169,90,-0.6967,DownDirection,-3.86,-44.17
1170,270,-0.12,DownDirection,129.91,-6.89
1171,270,0.2624,UpDirection,-3.36,15.22
1172,90,-0.956,DownDirection,8.83,-72.93
1173,270,0.8112,UpDirection,117.19,54.21
1174,270,0.9991,UpDirection,117.11,87.56
1175,90,-0.3394,DownDirection,-29.29,-19.84
1176,90,-0.9971,DownDirection,5.28,-85.65
1177,270,0.5295,UpDirection,-1.63,31.97
1178,90,-0.46,DownDirection,39.62,-27.39
1179,90,-0.5973,DownDirection,0.14,-36.68
1180,270,0.9394,UpDirection,73.03,69.96
1181,270,0.5428,UpDirection,22.44,32.87
1182,90,-0.4739,DownDirection,1.33,-28.29
1183,270,0.1618,UpDirection,-4.16,9.31
1184,270,0.0617,UpDirection,-26.73,3.54
1185,270,0.9821,UpDirection,-80.61,79.14
1186,90,-0.7532,DownDirection,45.61,-48.87
1187,90,-0.5337,DownDirection,100.71,-32.26
1188,270,0.7652,UpDirection,-49.95,49.93
1189,90,-0.1837,DownDirection,-23.86,-10.59
1190,90,-0.0137,DownDirection,84.57,-0.79
1191,270,0.7221,UpDirection,142.45,46.23
1192,90,0.208,UpDirection,6.78,12
1193,90,-0.6097,DownDirection,-24.03,-37.57
1194,270,0.4834,UpDirection,124.77,28.91
1195,270,0.7295,UpDirection,38.06,46.84
1196,270,0.803,UpDirection,-17.85,53.42
1197,90,0.0689,UpDirection,9.38,3.95
1198,270,0.8094,UpDirection,-57.6,54.04
1199,270,0.6598,UpDirection,45.32,41.28
1200,90,0.0223,UpDirection,-9.34,1.28
1201,90,-0.9223,DownDirection,9.67,-67.26
1202,90,-0.9258,DownDirection,27.01,-67.79
1203,270,0.5113,UpDirection,104.33,30.75
1204,270,0.304,UpDirection,-4.46,17.7
1205,270,0.8411,UpDirection,122.21,57.26
1206,270,0.6614,UpDirection,-3.9,41.41
1207,270,0.9568,UpDirection,154.75,73.09
1208,90,-0.7099,DownDirection,0.88,-45.23
1209,90,-0.0076,DownDirection,-18.19,-0.43
1210,270,0.4394,UpDirection,71.05,26.06
1211,90,-0.8352,DownDirection,79.1,-56.64
1212,270,0.6126,UpDirection,17.05,37.78
1213,270,0.9052,UpDirection,-57.28,64.85
1214,90,-0.8368,DownDirection,95.2,-56.81
1215,90,-0.9357,DownDirection,25.67,-69.34
1216,90,-0.285,DownDirection,-28.34,-16.56
1217,270,0.3784,UpDirection,101.55,22.23
1218,90,-0.3381,DownDirection,-20.89,-19.76
1219,90,-0.9784,DownDirection,102.76,-78.06
1220,90,-0.5786,DownDirection,40.35,-35.36
1221,90,-0.6477,DownDirection,53.69,-40.37
1222,90,-0.1822,DownDirection,178.41,-10.5
1223,270,0.833,UpDirection,-5.1,56.41
1224,270,0.8543,UpDirection,14.02,58.68
1225,270,0.775,UpDirection,-19.4,50.8
1226,270,0.432,UpDirection,138.99,25.6
1227,90,-0.9076,DownDirection,-10.68,-65.18
1228,270,0.9878,UpDirection,31.01,81.06
1229,270,0.9978,UpDirection,137.03,86.24
1230,90,0.0426,UpDirection,-21.07,2.44
1231,270,0.3195,UpDirection,-21.44,18.63
1232,90,-0.294,DownDirection,-168.09,-17.1
1233,270,0.9221,UpDirection,-0.69,67.23
1234,270,0.9548,UpDirection,54.64,72.71
1235,90,-0.4406,DownDirection,-27.93,-26.14
1236,90,-0.8184,DownDirection,-4.12,-54.92
1237,90,-0.312,DownDirection,-14.35,-18.18
1238,270,0.9818,UpDirection,-90.01,79.07
1239,90,-0.8205,DownDirection,44.58,-55.14
1240,270,-0.4088,DownDirection,82.92,-24.13
1241,90,0.4478,UpDirection,-22.3,26.6
1242,90,-0.809,DownDirection,-4.44,-54
1243,270,0.966,UpDirection,171.52,75.02
1244,270,0.9461,UpDirection,125.99,71.11
1245,90,-0.5956,DownDirection,77.38,-36.56
1246,90,0.3373,UpDirection,16.55,19.71
1247,90,-0.0037,DownDirection,-28.85,-0.21
1248,90,-0.9162,DownDirection,4.87,-66.37
1249,90,-0.9089,DownDirection,137.85,-65.35
1250,270,0.9885,UpDirection,-162.64,81.29
1251,270,0.8888,UpDirection,-151.41,62.72
1252,90,-0.3404,DownDirection,-17.84,-19.9
1253,270,0.4514,UpDirection,-11.63,26.83
1254,90,-0.8749,DownDirection,2.72,-61.04
1255,90,-0.9465,DownDirection,52.88,-71.18
1256,270,0.2622,UpDirection,135.65,15.2
1257,90,-0.9594,DownDirection,100.47,-73.62
1258,270,0.3788,UpDirection,21.4,22.26
1259,90,0.1616,UpDirection,-26.52,9.3
1260,90,0.5537,UpDirection,-14.81,33.62
1261,270,0.6948,UpDirection,-2.91,44.01
1262,90,-0.5771,DownDirection,30.76,-35.25
1263,270,0.9962,UpDirection,12.53,84.99
1264,270,0.9238,UpDirection,-85.92,67.49
1265,270,0.947,UpDirection,2.17,71.27
1266,270,0.3505,UpDirection,92.85,20.52
1267,90,-0.8144,DownDirection,29.98,-54.53
1268,90,-0.6636,DownDirection,-30.8,-41.57
1269,270,0.976,UpDirection,13.59,77.42
1270,270,0.3639,UpDirection,115.11,21.34
1271,270,0.9891,UpDirection,43.18,81.52
1272,90,-0.916,DownDirection,9.66,-66.35
1273,270,0.343,UpDirection,117.51,20.06
1274,270,0.823,UpDirection,18.93,55.38
1275,270,0.9929,UpDirection,-104.35,83.15
1276,270,0.4698,UpDirection,135.66,28.02
1277,90,-0.9167,DownDirection,25.48,-66.45
1278,270,0.8249,UpDirection,-16.99,55.58
1279,270,0.7033,UpDirection,-4.65,44.69
1280,270,0.9251,UpDirection,145.6,67.68
1281,90,-0.7922,DownDirection,109.45,-52.39
1282,90,-0.601,DownDirection,-21.11,-36.94
1283,270,0.9472,UpDirection,-90.25,71.29
1284,90,-0.9408,DownDirection,32.32,-70.19
1285,270,0.6229,UpDirection,-5.13,38.53
1286,270,0.9859,UpDirection,-175.22,80.36
1287,270,0.3037,UpDirection,126.81,17.68
1288,90,-0.8398,DownDirection,-18.48,-57.11
1289,270,-0.2113,DownDirection,15.13,-12.2
1290,90,-0.4755,DownDirection,129.36,-28.39
1291,270,0.0938,UpDirection,158.13,5.38
1292,270,0.9771,UpDirection,-176.19,77.73
1293,90,-0.6707,DownDirection,-24.02,-42.12
1294,270,0.9908,UpDirection,115,82.23
1295,90,-0.5385,DownDirection,1.41,-32.58
1296,270,0.8811,UpDirection,1.24,61.77
1297,90,-0.795,DownDirection,100.94,-52.65
1298,90,-0.6396,DownDirection,-12.23,-39.76
1299,270,0.9869,UpDirection,-26.51,80.71
1300,270,0.9584,UpDirection,170.63,73.42
1301,270,0.9267,UpDirection,164.73,67.93
1302,270,0.9289,UpDirection,-1.03,68.26
1303,90,-0.9364,DownDirection,44.56,-69.46
1304,270,0.9908,UpDirection,0.46,82.23
1305,270,0.9947,UpDirection,-139.08,84.1
1306,90,-0.6964,DownDirection,-0.08,-44.14
1307,270,0.7936,UpDirection,21.74,52.52
1308,90,0.9981,DownDirection,109.64,86.45
1309,90,0.0812,DownDirection,-116.77,4.66
1310,270,0.5093,UpDirection,93.69,30.62
1311,270,0.9116,UpDirection,1.68,65.73
1312,270,0.9663,UpDirection,-13.76,75.07
1313,270,0.42,UpDirection,126.15,24.83
1314,270,0.7386,UpDirection,52.66,47.61
1315,270,0.7181,UpDirection,51.06,45.9
1316,270,0.8214,UpDirection,-57.77,55.23
1317,270,0.9284,UpDirection,-85.21,68.19
1318,90,-0.3091,DownDirection,-26.9,-18
1319,270,0.9885,UpDirection,-107.58,81.3
1320,270,0.9351,UpDirection,12.09,69.25
1321,270,0.771,UpDirection,-9.39,50.45
1322,270,0.3675,UpDirection,73.91,21.56
1323,270,0.436,UpDirection,92.01,25.85
1324,90,0.1755,UpDirection,-20.61,10.11
1325,270,0.5944,UpDirection,-3.27,36.47
1326,270,0.4609,UpDirection,140.55,27.44
1327,270,0.9288,UpDirection,117.75,68.25
1328,270,0.9792,UpDirection,123.5,78.3
1329,90,-0.4313,DownDirection,108.7,-25.55
1330,270,0.9456,UpDirection,22.68,71.02
1331,90,-0.9737,DownDirection,112.81,-76.84
1332,270,0.4651,UpDirection,18.94,27.72
1333,270,0.7008,UpDirection,-48.37,44.49
1334,90,-0.7191,DownDirection,24.17,-45.98
1335,270,0.9211,UpDirection,-31.1,67.08
1336,270,0.2818,UpDirection,82.01,16.37
1337,270,0.9462,UpDirection,153.64,71.11
1338,270,0.9497,UpDirection,125.08,71.75
1339,270,0.9336,UpDirection,19.61,69
1340,270,0.7715,UpDirection,-116.87,50.49
1341,270,0.1253,UpDirection,80.86,7.2
1342,270,0.2896,UpDirection,6.79,16.83
1343,270,-0.3936,DownDirection,30.25,-23.18
1344,90,0.5238,UpDirection,137.97,31.58
1345,90,0.3494,UpDirection,14.77,20.45
1346,90,-0.2329,DownDirection,0.47,-13.47
1347,90,-0.1798,DownDirection,0.68,-10.36
1348,90,-0.1232,DownDirection,6.95,-7.08
1349,90,-0.1355,DownDirection,13.26,-7.79
1350,90,-0.094,DownDirection,15.22,-5.39
1351,90,0.005,UpDirection,29.01,0.29
1352,270,0.0459,UpDirection,38.34,2.63
1353,270,-0.114,DownDirection,43.26,-6.55
1354,270,0.0853,UpDirection,45.69,4.89
1355,270,-0.0098,DownDirection,18.92,-0.56
1356,270,-0.0447,DownDirection,22.83,-2.56
1357,270,-0.1457,DownDirection,3.57,-8.38
1358,270,-0.0291,DownDirection,-13.15,-1.67
1359,270,0.1849,UpDirection,-17.1,10.66
1360,270,0.3395,UpDirection,-26.45,19.84
1361,270,0.179,UpDirection,-30.4,10.31
1362,270,0.2014,UpDirection,94.2,11.62
1363,270,0.2217,UpDirection,92.95,12.81
1364,270,0.1262,UpDirection,122.48,7.25
1365,90,-0.1706,DownDirection,-49.81,-9.82
1366,90,-0.112,DownDirection,-38.22,-6.43
1367,90,0.2591,UpDirection,-15.66,15.02
1368,90,0.1236,UpDirection,-0.56,7.1
1369,270,-0.049,DownDirection,110.61,-2.81
1370,270,-0.0496,DownDirection,90.55,-2.84
1371,270,-0.3399,DownDirection,86.43,-19.87
1372,90,0.4284,UpDirection,-76.59,25.37
1373,270,-0.4571,DownDirection,92.39,-27.2
1374,270,-0.6201,DownDirection,34.45,-38.32
1375,270,-0.2437,DownDirection,27.78,-14.11
1376,270,0.3606,UpDirection,107.54,21.14
1377,270,0.3265,UpDirection,88.38,19.06
1378,270,0.9554,UpDirection,160.29,72.82
1379,90,-0.8217,DownDirection,-16.96,-55.26
1380,90,-0.728,DownDirection,5.2,-46.72
1381,270,0.4976,UpDirection,64.39,29.84
1382,270,-0.4665,DownDirection,85.25,-27.81
1383,90,0.9155,UpDirection,-108.17,66.28
1384,90,0.9764,UpDirection,79.28,77.53
1385,270,0.2971,UpDirection,-4.54,17.28
1386,270,0.3134,UpDirection,-2.49,18.26
1387,270,0.7784,UpDirection,46.36,51.12
1388,90,0.5353,UpDirection,-155.86,32.36
1389,270,0.8095,UpDirection,36.91,54.05
1390,270,0.8359,UpDirection,60,56.71
1391,270,0.8993,UpDirection,118.63,64.06
1392,270,0.8552,UpDirection,103.44,58.79
1393,90,-0.3165,DownDirection,-12.03,-18.45
1394,270,-0.4527,DownDirection,11.98,-26.92
1395,270,0.9305,UpDirection,-41.44,68.51
1396,270,0.7176,UpDirection,1.7,45.86
1397,270,0.4739,UpDirection,31.71,28.29
1398,90,-0.2602,DownDirection,-0.26,-15.08
1399,90,-0.0065,DownDirection,-171.58,-0.37
1400,90,-0.3197,DownDirection,27.15,-18.65
1401,90,-0.3594,DownDirection,116.04,-21.06
1402,90,-0.4905,DownDirection,99.25,-29.37
1403,270,0.7281,UpDirection,69.23,46.73
1404,270,0.533,UpDirection,13.99,32.21
1405,270,0.5975,UpDirection,19.58,36.69
1406,270,0.5655,UpDirection,20,34.44
1407,270,0.6539,UpDirection,9.09,40.84
1408,270,0.7824,UpDirection,9.96,51.48
1409,270,0.5894,UpDirection,28.37,36.11
1410,90,-0.8521,DownDirection,21.34,-58.44
1411,90,-0.8021,DownDirection,19.95,-53.33
1412,90,-0.731,DownDirection,-5.94,-46.97
1413,90,-0.7422,DownDirection,-0.11,-47.92
1414,90,-0.8639,DownDirection,36.5,-59.76
1415,90,-0.9002,DownDirection,4.62,-64.18
1416,90,0.7146,UpDirection,-150.61,45.61
1417,90,0.7327,UpDirection,-149.17,47.11
1418,270,-0.2493,DownDirection,-29.99,-14.44
1419,270,0.5117,UpDirection,-30.58,30.78
1420,270,-0.3611,DownDirection,53.15,-21.17
1421,270,-0.5712,DownDirection,56.01,-34.84
1422,270,0.3036,UpDirection,44.61,17.67
1423,270,0.9591,UpDirection,115.5,73.56
1424,270,0.9505,UpDirection,109.09,71.89
1425,270,0.8982,UpDirection,86.64,63.92
1426,270,0.8274,UpDirection,66.44,55.83
1427,270,0.8143,UpDirection,62.07,54.52
1428,270,0.6989,UpDirection,59.01,44.34
1429,270,0.8398,UpDirection,90.95,57.12
1430,270,-0.092,DownDirection,-3.64,-5.28
1431,270,-0.0193,DownDirection,-2.28,-1.11
1432,270,0.0671,UpDirection,3.13,3.85
1433,90,0.1137,UpDirection,126.97,6.53
1434,270,0.0822,UpDirection,3.44,4.71
1435,270,0.7746,UpDirection,119.56,50.77
1436,270,0.7767,UpDirection,134.88,50.96
1437,90,0.1765,UpDirection,-39.3,10.17
1438,90,-0.3433,DownDirection,-11.43,-20.08
1439,90,-0.3725,DownDirection,-11.83,-21.87
1440,90,-0.5629,DownDirection,22.05,-34.26
1441,90,-0.379,DownDirection,31.4,-22.27
1442,90,-0.2087,DownDirection,-4.65,-12.04
1443,90,-0.1479,DownDirection,-5.05,-8.51
1444,90,-0.1217,DownDirection,-7.98,-6.99
1445,90,-0.2198,DownDirection,-11.97,-12.7
1446,90,-0.222,DownDirection,-11.04,-12.83
1447,90,-0.5982,DownDirection,-11.79,-36.74
1448,90,-0.2973,DownDirection,-15.26,-17.29
1449,270,0.5934,UpDirection,50.92,36.4
1450,270,0.6454,UpDirection,77.83,40.19
1451,270,0.644,UpDirection,108.58,40.09
1452,270,0.6391,UpDirection,110.19,39.72
1453,90,-0.4618,DownDirection,-28.24,-27.51
1454,90,-0.3259,DownDirection,-18.05,-19.02
1455,90,0.0242,UpDirection,6.3,1.39
1456,90,-0.314,DownDirection,-16.57,-18.3
1457,90,-0.4363,DownDirection,-25.22,-25.87
1458,90,-0.3887,DownDirection,-24.07,-22.87
1459,90,-0.4416,DownDirection,-21.94,-26.21
1460,90,-0.4478,DownDirection,-20.28,-26.6
1461,90,-0.3937,DownDirection,-18.42,-23.18
1462,90,-0.3193,DownDirection,-23.45,-18.62
1463,270,0.4207,UpDirection,49.46,24.88
1464,270,0.6698,UpDirection,155.24,42.05
1465,270,0.3822,UpDirection,132.74,22.47
1466,90,-0.2294,DownDirection,-11.38,-13.26
1467,90,-0.4904,DownDirection,14.71,-29.37
1468,270,0.2038,UpDirection,127.92,11.76
1469,270,0.8065,UpDirection,-109.01,53.76
1470,90,-0.6483,DownDirection,134.12,-40.41
1471,270,0.8733,UpDirection,-107.13,60.85
1472,90,-0.9365,DownDirection,135.13,-69.48
1473,90,0.8015,UpDirection,4.74,53.27
1474,90,0.7947,UpDirection,4.23,52.62
1475,270,-0.7841,DownDirection,87.83,-51.64
1476,270,-0.492,DownDirection,67.07,-29.47
1477,270,-0.4466,DownDirection,80.11,-26.53
1478,270,-0.4958,DownDirection,63.49,-29.72
1479,270,-0.1551,DownDirection,8.54,-8.92
1480,270,0.3371,UpDirection,33.1,19.7
1481,90,-0.9283,DownDirection,-62.11,-68.17
1482,270,0.8955,UpDirection,18.79,63.57
1483,270,0.5519,UpDirection,113.77,33.5
1484,270,0.8802,UpDirection,-88.75,61.66
1485,270,0.8941,UpDirection,-91.21,63.39
1486,90,-0.6023,DownDirection,6.17,-37.04
1487,90,-0.7282,DownDirection,2.74,-46.74
1488,270,0.7661,UpDirection,-177.46,50.01
1489,270,0.9122,UpDirection,-165.37,65.81
1490,270,0.9466,UpDirection,-164.58,71.19
1491,270,0.9832,UpDirection,-108.93,79.48
1492,270,0.9481,UpDirection,-30.43,71.46
1493,270,0.9466,UpDirection,-25.1,71.19
1494,270,0.8231,UpDirection,6.12,55.39
1495,270,0.8256,UpDirection,6.18,55.65
1496,90,-0.2225,DownDirection,-1.96,-12.86
1497,90,0.7443,UpDirection,-31.48,48.1
1498,90,0.8357,UpDirection,-43.33,56.69
1499,90,0.1083,UpDirection,8.67,6.22
1500,90,-0.2849,DownDirection,-33.52,-16.55
1501,270,0.6832,UpDirection,111.7,43.09
1502,270,0.2381,UpDirection,90.64,13.77
1503,270,0.0248,UpDirection,85.77,1.42
1504,270,-0.2048,DownDirection,7.45,-11.82
1505,270,-0.1293,DownDirection,-0.22,-7.43
1506,270,-0.1876,DownDirection,-1.38,-10.81
1507,270,0.0516,UpDirection,89.96,2.96
1508,270,0.0846,UpDirection,0.99,4.85
1509,270,0.0378,UpDirection,-13.88,2.17
1510,270,0.1481,UpDirection,12.26,8.52
1511,270,-0.975,DownDirection,48.97,-77.15
1512,90,-0.2046,DownDirection,-23.76,-11.81
1513,90,0.8669,UpDirection,-38.28,60.1
1514,270,-0.42,DownDirection,-7.76,-24.84
1515,90,0.4777,UpDirection,130.73,28.54
1516,270,0.3368,UpDirection,126.42,19.68
1517,270,-0.9947,DownDirection,-146.34,-84.1
1518,90,0.0353,UpDirection,-14.21,2.02
1519,270,-0.8434,DownDirection,-111,-57.5
1520,270,-0.3612,DownDirection,-7.55,-21.18
1521,270,0.2559,UpDirection,-22.13,14.83
1522,90,0.036,UpDirection,12,2.06
1523,90,0.3599,UpDirection,67.2,21.1
1524,90,0.7415,UpDirection,0.47,47.86
1525,270,0.1659,UpDirection,124.42,9.55
1526,270,-0.9483,DownDirection,30.73,-71.5
1527,270,-0.0636,DownDirection,-4.49,-3.65
1528,270,0.0834,UpDirection,-2.23,4.78
1529,270,-0.0898,DownDirection,-28.56,-5.15
1530,270,-0.8508,DownDirection,-12.22,-58.3
1531,270,0.0944,UpDirection,118.94,5.42
1532,90,0.7381,UpDirection,-0.28,47.57
1533,270,0.1473,UpDirection,2.99,8.47
1534,90,-0.1615,DownDirection,-13.81,-9.29
1535,270,0.2246,UpDirection,125.56,12.98
1536,90,0.469,UpDirection,100.12,27.97
1537,270,0.0287,UpDirection,-9.83,1.64
1538,90,-0.1247,DownDirection,-26.69,-7.16
1539,270,0.3856,UpDirection,72.15,22.68
1540,90,-0.2229,DownDirection,-18.08,-12.88
1541,270,-0.8993,DownDirection,-22.67,-64.07
1542,270,0.1307,UpDirection,-12.23,7.51
1543,90,0.4047,UpDirection,-20.26,23.87
1544,270,0.0107,UpDirection,-11.45,0.61
1545,90,0.2383,UpDirection,18.32,13.79
1546,270,0.3835,UpDirection,115.2,22.55
1547,270,0.2379,UpDirection,-10.73,13.76
1548,270,0.0971,UpDirection,-1.48,5.57
1549,270,0.0077,UpDirection,-7.06,0.44
1550,90,0.1018,UpDirection,15.33,5.84
1551,270,-0.2971,DownDirection,-11.11,-17.29
1552,90,-0.6037,DownDirection,-5.22,-37.14
1553,270,0.048,UpDirection,29.38,2.75
1554,90,0.1885,UpDirection,-23.77,10.87
1555,90,0.0348,UpDirection,-20.52,1.99
1556,270,-0.2946,DownDirection,-12.2,-17.14
1557,90,0.0988,UpDirection,1.4,5.67
1558,270,0.1062,UpDirection,-11.33,6.1
1559,90,0.3507,UpDirection,112.96,20.53
1560,90,0.0777,UpDirection,-24.96,4.45
1561,90,0.5225,UpDirection,113.05,31.5
1562,90,0.4503,UpDirection,-7.32,26.76
1563,90,0.2778,UpDirection,35.86,16.13
1564,270,0.1606,UpDirection,3.58,9.24
1565,270,0.3631,UpDirection,139.27,21.29
1566,270,-0.038,DownDirection,-16.16,-2.18
1567,90,-0.2233,DownDirection,-7.51,-12.91
1568,270,-0.2174,DownDirection,-16.88,-12.56
1569,270,0.5085,UpDirection,98.93,30.56
1570,90,0.0094,UpDirection,0.85,0.54
1571,270,0.2298,UpDirection,-1.44,13.28
1572,270,0.4963,UpDirection,99.87,29.76
1573,270,0.0813,UpDirection,-15.59,4.66
1574,270,-0.9747,DownDirection,82.63,-77.08
1575,90,0.2004,UpDirection,33.15,11.56
1576,90,-0.2252,DownDirection,-16.65,-13.01
1577,270,0.3624,UpDirection,139.17,21.25
1578,90,0.7419,UpDirection,28.24,47.9
1579,90,0.9933,UpDirection,18.16,83.35
1580,90,0.2807,UpDirection,107.87,16.3
1581,270,0.4736,UpDirection,88.82,28.27
1582,270,0.3678,UpDirection,124.09,21.58
1583,270,0.1028,UpDirection,124.24,5.9
1584,90,0.9531,UpDirection,-49.69,72.39
1585,270,0.3776,UpDirection,137.69,22.19
1586,90,0.6452,UpDirection,132.39,40.18
1587,270,-0.0851,DownDirection,-26.54,-4.88
1588,90,0.3609,UpDirection,67.2,21.16
1589,90,0.4379,UpDirection,50.46,25.97
1590,270,0.3317,UpDirection,133.26,19.37
1591,90,0.6108,UpDirection,70.41,37.65
1592,90,0.7242,UpDirection,56.23,46.41
1593,270,0.0869,UpDirection,-3.25,4.98
1594,270,-0.0813,DownDirection,15.46,-4.66
1595,90,0.8874,UpDirection,83.91,62.55
1596,270,0.2345,UpDirection,131.01,13.56
1597,270,0.4361,UpDirection,30.78,25.86
1598,270,0.1656,UpDirection,121.09,9.53
1599,90,0.3527,UpDirection,74.63,20.65
1600,90,0.3551,UpDirection,94.14,20.8
1601,90,0.8829,UpDirection,46.38,62
1602,90,0.1302,UpDirection,30.86,7.48
1603,90,0.2382,UpDirection,56.56,13.78
1604,90,0.0118,UpDirection,0.29,0.67
1605,90,0.3721,UpDirection,57.39,21.84
1606,90,0.3952,UpDirection,36.61,23.28
1607,90,0.238,UpDirection,126.03,13.77
1608,270,0.2416,UpDirection,86.96,13.98
1609,270,0.3404,UpDirection,104.34,19.9
1610,90,0.9004,UpDirection,-37.44,64.21
1611,90,0.2076,UpDirection,33.85,11.98
1612,270,-0.0972,DownDirection,-34.87,-5.58
1613,270,0.388,UpDirection,125.48,22.83
1614,90,0.8399,UpDirection,102.99,57.13
1615,90,0.6633,UpDirection,107.06,41.56
1616,270,0.01,UpDirection,50.51,0.57
1617,270,0.3535,UpDirection,31.25,20.7
1618,270,0.8623,UpDirection,8.14,59.58
1619,270,0.1802,UpDirection,81.55,10.38
1620,270,0.8741,UpDirection,17.02,60.94
1621,270,0.1978,UpDirection,-4.67,11.41
1622,270,0.8232,UpDirection,-30.41,55.4
1623,270,0.4896,UpDirection,60.05,29.31
1624,90,0.0067,UpDirection,67.13,0.38
1625,270,0.3394,UpDirection,29.29,19.84
1626,270,0.9971,UpDirection,-5.27,85.65
1627,90,-0.7532,DownDirection,134.39,-48.87
1628,90,-0.0138,DownDirection,95.43,-0.79
1629,270,0.7221,UpDirection,37.55,46.23
1630,270,0.4852,UpDirection,60.29,29.02
1631,270,0.285,UpDirection,28.34,16.56
1632,270,0.3784,UpDirection,78.45,22.23
1633,270,0.3381,UpDirection,20.89,19.76
1634,90,-0.9784,DownDirection,77.25,-78.06
1635,270,0.5786,UpDirection,-40.35,35.36
1636,90,-0.6477,DownDirection,126.31,-40.37
1637,90,-0.7608,DownDirection,25.77,-49.53
1638,270,0.312,UpDirection,14.35,18.18
1639,90,-0.8205,DownDirection,135.42,-55.14
1640,270,0.2622,UpDirection,44.35,15.2
1641,270,-0.1616,DownDirection,26.52,-9.3
1642,270,0.5771,UpDirection,-30.76,35.25
1643,270,0.3505,UpDirection,87.15,20.52
1644,270,0.8144,UpDirection,-29.98,54.53
1645,270,0.3639,UpDirection,64.89,21.34
1646,270,0.343,UpDirection,62.49,20.06
1647,270,0.4698,UpDirection,44.34,28.02
1648,270,0.5093,UpDirection,86.31,30.62
1649,270,0.42,UpDirection,53.85,24.83
1650,270,0.3091,UpDirection,26.9,18
1651,270,0.3675,UpDirection,106.09,21.56
1652,270,0.436,UpDirection,87.99,25.85
1653,270,0.4609,UpDirection,39.46,27.44
1654,90,-0.9737,DownDirection,67.2,-76.84
1655,270,0.2818,UpDirection,97.99,16.37
1656,270,0.2329,UpDirection,-0.47,13.47
1657,270,0.1798,UpDirection,-0.68,10.36
1658,270,0.1232,UpDirection,-6.96,7.08
1659,270,0.1355,UpDirection,-13.26,7.79
1660,270,0.094,UpDirection,-15.22,5.39
1661,270,-0.005,DownDirection,-29,-0.28
1662,270,0.2225,UpDirection,1.96,12.86
1663,270,-0.8015,DownDirection,1.04,-53.28
1664,270,-0.6999,DownDirection,5.27,-44.42
1665,90,0.8724,UpDirection,157.74,60.74
1666,90,0.6118,UpDirection,55.53,37.72
1667,90,0.592,UpDirection,54.52,36.3
1668,90,0.59,UpDirection,94.35,36.16
1669,90,-0.3577,DownDirection,97.94,-20.96
1670,270,-0.6256,DownDirection,-15.55,-38.73
1671,90,0.1276,UpDirection,-22.82,7.33
1672,90,-0.9305,DownDirection,-178.07,-68.51
1673,90,0.3178,UpDirection,-110.55,18.53
1674,270,-0.6799,DownDirection,115.75,-42.84
1675,270,-0.5153,DownDirection,110.24,-31.02
1676,270,-0.5781,DownDirection,96.76,-35.32
1677,270,-0.7096,DownDirection,86.15,-45.2
1678,270,-0.722,DownDirection,100.7,-46.22
1679,270,-0.6832,DownDirection,30.1,-43.09
1680,270,-0.592,DownDirection,24.27,-36.3
1681,90,-0.9387,DownDirection,87.83,-69.83
1682,90,-0.9003,DownDirection,67.47,-64.2
1683,90,-0.8858,DownDirection,73.28,-62.35
1684,90,-0.5117,DownDirection,16.19,-30.77
1685,270,0.2588,UpDirection,93.01,15
1686,270,0.2588,UpDirection,93.01,15
1687,270,0.2588,UpDirection,93.01,15
1688,270,0.2381,UpDirection,90.64,13.77
1689,270,0.2381,UpDirection,90.64,13.77
1690,270,0.2381,UpDirection,90.64,13.77
1691,270,0.0905,UpDirection,65.03,5.19
1692,270,0.3066,UpDirection,71.22,17.85
1693,270,0.2804,UpDirection,48.43,16.28
1694,270,0.1196,UpDirection,45.04,6.87
1695,270,0.2242,UpDirection,23.66,12.96
1696,270,0.2159,UpDirection,22.13,12.47
1697,270,0.2119,UpDirection,22.57,12.23
1698,270,0.2401,UpDirection,19.9,13.89
1699,270,0.292,UpDirection,81.23,16.98
1700,270,0.292,UpDirection,81.23,16.98
1701,270,0.292,UpDirection,81.23,16.98
1702,90,-0.3268,DownDirection,-6.13,-19.08
1703,90,-0.1278,DownDirection,22.71,-7.34
1704,90,-0.1278,DownDirection,22.71,-7.34
1705,90,-0.1278,DownDirection,22.71,-7.34
1706,270,0.2602,UpDirection,111.41,15.08
1707,270,0.3057,UpDirection,111.41,17.8
1708,90,-0.1044,DownDirection,16,-5.99
1709,90,-0.1043,DownDirection,16,-5.99
1710,270,0.2972,UpDirection,118.77,17.29
1711,270,0.29,UpDirection,115.74,16.86
1712,270,0.288,UpDirection,119.44,16.74
1713,90,-0.0642,DownDirection,15.78,-3.68
1714,90,-0.1709,DownDirection,-1.84,-9.84
1715,270,0.4606,UpDirection,9.77,27.43
1716,90,0.0758,UpDirection,-10.68,4.35
1717,90,-0.015,DownDirection,20.86,-0.86
1718,90,-0.015,DownDirection,20.86,-0.86
1719,90,-0.015,DownDirection,20.86,-0.86
1720,90,-0.1926,DownDirection,-8.69,-11.11
1721,90,-0.144,DownDirection,4.5,-8.28
1722,270,0.3042,UpDirection,65.55,17.71
1723,270,0.0129,UpDirection,44.54,0.74
1724,270,0.2884,UpDirection,52.6,16.76
1725,270,0.2871,UpDirection,44.87,16.68
1726,90,-0.2541,DownDirection,-41.94,-14.72
1727,90,-0.2675,DownDirection,-38.95,-15.51
1728,270,0.3111,UpDirection,125.86,18.13
1729,90,-0.325,DownDirection,-41.32,-18.96
1730,270,0.356,UpDirection,53.46,20.86
1731,270,0.2836,UpDirection,41.55,16.47
1732,90,0.0929,UpDirection,58.01,5.33
1733,90,0.402,UpDirection,108.12,23.7
1734,90,0.326,UpDirection,80.8,19.02
1735,90,0.386,UpDirection,99.21,22.71
1736,90,0.3552,UpDirection,72.39,20.81
1737,90,0.0468,UpDirection,12.52,2.68
1738,90,0.1358,UpDirection,38.85,7.8
1739,90,0.0625,UpDirection,30.14,3.58
1740,90,0.0263,UpDirection,20.84,1.51
1741,270,0.4389,UpDirection,82.61,26.03
1742,270,0.482,UpDirection,109.74,28.82
1743,270,-0.1875,DownDirection,-1.38,-10.81
1744,270,0.3152,UpDirection,59.69,18.37
1745,270,0.1092,UpDirection,33.3,6.27
1746,270,0.1135,UpDirection,26.51,6.52
1747,270,0.4345,UpDirection,78.24,25.76
1748,270,0.4085,UpDirection,132.96,24.11
1749,270,0.3582,UpDirection,62.44,20.99
1750,270,0.482,UpDirection,109.74,28.82
1751,90,-0.0194,DownDirection,47.98,-1.11
1752,90,-0.0785,DownDirection,31.86,-4.5
1753,270,-0.3457,DownDirection,-22.53,-20.22
